published_date,open,high,low,close,per_change,traded_quantity,traded_amount,status
2017-06-13,386.0,395.0,380.0,391.0,nan,5391.0,2087554.0,0
2017-06-14,391.0,390.0,385.0,388.0,-0.77,7302.0,2824040.0,0
2017-06-15,388.0,396.0,382.0,382.0,-1.55,8263.0,3189949.0,0
2017-06-18,382.0,385.0,375.0,378.0,-1.05,4470.0,1690235.0,0
2017-06-19,378.0,380.0,362.0,363.0,-3.97,4189.0,1531826.0,0
2017-06-20,363.0,374.0,356.0,374.0,3.03,2483.0,899016.0,0
2017-06-21,374.0,374.0,363.0,369.0,-1.34,1679.0,617975.0,0
2017-06-22,369.0,372.0,365.0,367.0,-0.54,1763.0,649207.0,0
2017-06-25,367.0,375.0,360.0,369.0,0.54,2346.0,861490.0,0
2017-06-27,369.0,367.0,360.0,360.0,-2.44,3500.0,1269888.0,0
2017-06-28,360.0,365.0,358.0,359.0,-0.28,2711.0,975043.0,0
2017-07-02,359.0,353.0,345.0,346.0,-3.62,2447.0,849671.0,0
2017-07-03,346.0,353.0,345.0,345.0,-0.29,4070.0,1421688.0,0
2017-07-04,345.0,350.0,341.0,341.0,-1.16,1804.0,618904.0,0
2017-07-05,341.0,344.0,336.0,340.0,-0.29,3798.0,1285437.0,0
2017-07-06,340.0,352.0,341.0,342.0,0.59,2097.0,724732.0,0
2017-07-09,342.0,344.0,336.0,337.0,-1.46,3039.0,1032826.0,0
2017-07-10,337.0,338.0,331.0,331.0,-1.78,5720.0,1914778.0,0
2017-07-11,331.0,344.0,330.0,339.0,2.42,5026.0,1682074.0,0
2017-07-12,339.0,354.0,334.0,352.0,3.83,4177.0,1442171.0,0
2017-07-13,352.0,347.0,341.0,341.0,-3.12,3008.0,1031846.0,0
2017-07-16,341.0,341.0,335.0,336.0,-1.47,1372.0,462056.0,0
2017-07-17,336.0,345.0,333.0,340.0,1.19,1888.0,641270.0,0
2017-07-18,340.0,348.0,337.0,345.0,1.47,1647.0,563319.0,0
2017-07-19,345.0,363.0,340.0,344.0,-0.29,2661.0,919975.0,0
2017-07-20,344.0,344.0,333.0,340.0,-1.16,5354.0,1809377.0,0
2017-07-23,340.0,340.0,334.0,336.0,-1.18,2588.0,866698.0,0
2017-07-24,336.0,340.0,334.0,337.0,0.30,1995.0,672194.0,0
2017-07-25,337.0,340.0,335.0,337.0,0.0,1489.0,503971.0,0
2017-07-26,337.0,345.0,340.0,345.0,2.37,6312.0,2159088.0,0
2017-07-27,345.0,350.0,330.0,344.0,-0.29,2004.0,679539.0,0
2017-07-30,344.0,344.0,335.0,337.0,-2.03,2321.0,786398.0,0
2017-07-31,337.0,340.0,332.0,338.0,0.30,5884.0,1980523.0,0
2017-08-01,338.0,360.0,339.0,360.0,6.51,5146.0,1789939.0,0
2017-08-02,360.0,353.0,335.0,341.0,-5.28,3739.0,1287539.0,0
2017-08-03,341.0,349.0,337.0,349.0,2.35,1889.0,648294.0,0
2017-08-06,349.0,346.0,339.0,341.0,-2.29,1633.0,558332.0,0
2017-08-07,341.0,341.0,333.0,334.0,-2.05,7671.0,2578978.0,0
2017-08-09,334.0,334.0,329.0,333.0,-0.30,5343.0,1769598.0,0
2017-08-10,333.0,333.0,328.0,331.0,-0.60,2688.0,887406.0,0
2017-08-13,331.0,331.0,322.0,325.0,-1.81,3814.0,1248738.0,0
2017-08-15,325.0,324.0,307.0,312.0,-4.00,4539.0,1425738.0,0
2017-08-16,312.0,322.0,303.0,309.0,-0.96,3854.0,1196876.0,0
2017-08-17,309.0,307.0,300.0,307.0,-0.65,1299.0,395102.0,0
2017-08-20,307.0,302.0,296.0,300.0,-2.28,1556.0,467270.0,0
2017-08-21,300.0,305.0,290.0,294.0,-2.00,842.0,249803.0,0
2017-08-22,294.0,296.0,282.0,291.0,-1.02,4023.0,1169111.0,0
2017-08-23,291.0,296.0,282.0,288.0,-1.03,1338.0,385746.0,0
2017-08-24,288.0,294.0,284.0,290.0,0.69,1141.0,326884.0,0
2017-08-27,290.0,300.0,275.0,300.0,3.45,6252.0,1759922.0,0
2017-08-28,300.0,310.0,286.0,304.0,1.33,2635.0,772232.0,0
2017-08-30,304.0,298.0,290.0,290.0,-4.61,689.0,202536.0,0
2017-08-31,290.0,290.0,282.0,282.0,-2.76,1122.0,320077.0,0
2017-09-04,282.0,278.0,265.0,278.0,-1.42,2279.0,616621.0,0
2017-09-06,278.0,279.0,273.0,274.0,-1.44,2243.0,617761.0,0
2017-09-07,274.0,274.0,254.0,260.0,-5.11,5305.0,1401361.0,0
2017-09-10,260.0,256.0,246.0,251.0,-3.46,1852.0,463641.0,0
2017-09-11,251.0,250.0,243.0,246.0,-1.99,549.0,135893.0,0
2017-09-12,246.0,245.0,241.0,244.0,-0.81,1127.0,273477.0,0
2017-09-13,244.0,248.0,243.0,248.0,1.64,1139.0,278845.0,0
2017-09-14,248.0,257.0,247.0,257.0,3.63,1826.0,460312.0,0
2017-09-17,257.0,266.0,253.0,266.0,3.50,1937.0,500310.0,0
2017-09-18,266.0,271.0,261.0,263.0,-1.13,1112.0,293283.0,0
2017-09-20,263.0,261.0,258.0,260.0,-1.14,449.0,116700.0,0
2017-09-24,260.0,262.0,256.0,256.0,-1.54,295.0,76772.0,0
2017-09-25,256.0,261.0,255.0,261.0,1.95,1115.0,285545.0,0
2017-09-26,261.0,270.0,262.0,270.0,3.45,398.0,105506.0,0
2017-10-03,270.0,270.0,265.0,265.0,-1.85,206.0,55132.0,0
2017-10-04,265.0,260.0,255.0,255.0,-3.77,69.0,17800.0,0
2017-10-08,255.0,256.0,250.0,250.0,-1.96,853.0,213842.0,0
2017-10-09,250.0,255.0,247.0,250.0,0.0,274.0,68430.0,0
2017-10-10,250.0,253.0,243.0,248.0,-0.80,576.0,142630.0,0
2017-10-11,248.0,257.0,252.0,257.0,3.63,1130.0,288276.0,0
2017-10-12,257.0,260.0,255.0,260.0,1.17,219.0,56160.0,0
2017-10-15,260.0,262.0,257.0,262.0,0.77,124.0,32292.0,0
2017-10-16,262.0,267.0,262.0,266.0,1.53,568.0,150304.0,0
2017-10-17,266.0,266.0,256.0,259.0,-2.63,377.0,98524.0,0
2017-10-18,259.0,260.0,254.0,260.0,0.39,723.0,184524.0,0
2017-10-22,260.0,262.0,258.0,258.0,-0.77,214.0,55976.0,0
2017-10-23,258.0,258.0,257.0,258.0,0.0,123.0,31688.0,0
2017-10-24,258.0,257.0,255.0,256.0,-0.78,829.0,212166.0,0
2017-10-25,256.0,258.0,253.0,256.0,0.0,601.0,154326.0,0
2017-10-29,256.0,256.0,254.0,254.0,-0.78,835.0,213335.0,0
2017-10-30,254.0,254.0,250.0,251.0,-1.18,2486.0,627416.0,0
2017-10-31,251.0,251.0,242.0,248.0,-1.20,1529.0,374540.0,0
2017-11-01,248.0,252.0,243.0,243.0,-2.02,234.0,57586.0,0
2017-11-02,243.0,252.0,239.0,247.0,1.65,1835.0,449822.0,0
2017-11-05,247.0,255.0,244.0,250.0,1.21,1355.0,338023.0,0
2017-11-06,250.0,250.0,240.0,240.0,-4.00,2843.0,687600.0,0
2017-11-07,240.0,245.0,240.0,245.0,2.08,431.0,104260.0,0
2017-11-08,245.0,246.0,241.0,244.0,-0.41,1634.0,399703.0,0
2017-11-09,244.0,248.0,240.0,244.0,0.0,777.0,188308.0,0
2017-11-12,244.0,245.0,240.0,243.0,-0.41,1278.0,309693.0,0
2017-11-13,243.0,250.0,240.0,250.0,2.88,2213.0,533044.0,0
2017-11-14,250.0,260.0,249.0,260.0,4.00,2432.0,620278.0,0
2017-11-15,260.0,260.0,250.0,258.0,-0.77,3601.0,928759.0,0
2017-11-16,258.0,253.0,246.0,251.0,-2.71,948.0,236384.0,0
2017-11-19,251.0,253.0,244.0,244.0,-2.79,1265.0,314090.0,0
2017-11-20,244.0,247.0,241.0,244.0,0.0,1161.0,282175.0,0
2017-11-21,244.0,248.0,240.0,247.0,1.23,1843.0,450024.0,0
2017-11-22,247.0,250.0,243.0,247.0,0.0,301.0,74242.0,0
2017-11-23,247.0,250.0,247.0,247.0,0.0,1205.0,301068.0,0
2017-11-26,247.0,258.0,245.0,254.0,2.83,2657.0,672010.0,0
2017-11-27,254.0,259.0,251.0,256.0,0.79,1240.0,315189.0,0
2017-11-28,256.0,255.0,250.0,252.0,-1.56,1300.0,329346.0,0
2017-11-29,252.0,263.0,250.0,262.0,3.97,4206.0,1089004.0,0
2017-11-30,262.0,272.0,248.0,272.0,3.82,5769.0,1506851.0,0
2017-12-04,272.0,275.0,262.0,275.0,1.10,3435.0,924081.0,0
2017-12-05,275.0,275.0,267.0,271.0,-1.45,3653.0,991034.0,0
2017-12-06,271.0,285.0,268.0,281.0,3.69,7238.0,2011706.0,0
2017-12-10,281.0,286.0,266.0,276.0,-1.78,1189.0,327638.0,0
2017-12-11,276.0,275.0,267.0,269.0,-2.54,1493.0,402787.0,0
2017-12-12,269.0,274.0,262.0,274.0,1.86,2250.0,602592.0,0
2017-12-13,274.0,272.0,263.0,272.0,-0.73,694.0,185896.0,0
2017-12-14,272.0,272.0,264.0,270.0,-0.74,658.0,177348.0,0
2017-12-17,270.0,267.0,264.0,264.0,-2.22,3386.0,897274.0,0
2017-12-18,264.0,270.0,262.0,265.0,0.38,1885.0,502284.0,0
2017-12-19,265.0,265.0,262.0,262.0,-1.13,3043.0,801722.0,0
2017-12-20,262.0,265.0,262.0,264.0,0.76,1178.0,310320.0,0
2017-12-21,264.0,261.0,256.0,257.0,-2.65,2272.0,587618.0,0
2017-12-24,257.0,262.0,252.0,255.0,-0.78,907.0,232102.0,0
2017-12-26,255.0,256.0,245.0,250.0,-1.96,631.0,157304.0,0
2017-12-27,250.0,250.0,242.0,250.0,0.0,1052.0,260606.0,0
2017-12-28,250.0,249.0,243.0,249.0,-0.40,3271.0,806421.0,0
2017-12-31,249.0,250.0,242.0,248.0,-0.40,2438.0,595828.0,0
2018-01-01,248.0,253.0,249.0,252.0,1.61,694.0,174819.0,0
2018-01-02,252.0,253.0,247.0,250.0,-0.79,268.0,66846.0,0
2018-01-03,250.0,250.0,245.0,245.0,-2.00,1398.0,344034.0,0
2018-01-04,245.0,247.0,242.0,246.0,0.41,570.0,139992.0,0
2018-01-07,246.0,246.0,242.0,242.0,-1.63,1950.0,472482.0,0
2018-01-08,242.0,243.0,240.0,241.0,-0.41,1468.0,353692.0,0
2018-01-09,241.0,247.0,242.0,242.0,0.41,68.0,16564.0,0
2018-01-10,242.0,245.0,234.0,242.0,0.0,4576.0,1092145.0,0
2018-01-14,242.0,240.0,237.0,238.0,-1.65,362.0,86239.0,0
2018-01-16,238.0,240.0,230.0,240.0,0.84,1264.0,300307.0,0
2018-01-17,240.0,237.0,233.0,237.0,-1.25,393.0,92097.0,0
2018-01-21,237.0,239.0,230.0,230.0,-2.95,2132.0,496400.0,0
2018-01-22,230.0,238.0,231.0,234.0,1.74,425.0,99756.0,0
2018-01-23,234.0,238.0,230.0,237.0,1.28,2253.0,527182.0,0
2018-01-24,237.0,239.0,232.0,234.0,-1.27,492.0,115750.0,0
2018-01-25,234.0,234.0,231.0,234.0,0.0,164.0,38202.0,0
2018-01-28,234.0,236.0,229.0,229.0,-2.14,2339.0,540999.0,0
2018-01-29,229.0,233.0,228.0,229.0,0.0,1570.0,361594.0,0
2018-01-31,229.0,229.0,225.0,225.0,-1.75,582.0,131919.0,0
2018-02-01,225.0,233.0,222.0,229.0,1.78,881.0,202904.0,0
2018-02-04,229.0,236.0,226.0,236.0,3.06,3875.0,878934.0,0
2018-02-05,236.0,238.0,226.0,238.0,0.85,801.0,183475.0,0
2018-02-06,238.0,236.0,230.0,232.0,-2.52,174.0,40496.0,0
2018-02-07,232.0,235.0,228.0,235.0,1.29,429.0,100118.0,0
2018-02-08,235.0,234.0,230.0,234.0,-0.43,405.0,94670.0,0
2018-02-11,234.0,237.0,226.0,230.0,-1.71,937.0,215815.0,0
2018-02-12,230.0,230.0,224.0,228.0,-0.87,202.0,45656.0,0
2018-02-14,228.0,230.0,221.0,230.0,0.88,1579.0,358831.0,0
2018-02-15,230.0,234.0,227.0,234.0,1.74,1344.0,310971.0,0
2018-02-18,230.0,230.0,225.0,226.0,-3.42,822.0,187098.0,-1
2018-02-20,230.0,230.0,223.0,223.0,-1.33,3365.0,759538.0,-1
2018-02-21,224.0,224.0,211.0,211.0,-5.38,8339.0,1808979.0,-1
2018-02-22,210.0,218.0,209.0,211.0,0.0,3329.0,706933.0,0
2018-02-25,210.0,215.0,209.0,210.0,-0.47,777.0,163566.0,-1
2018-02-26,207.0,212.0,202.0,202.0,-3.81,3113.0,638631.0,-1
2018-02-27,200.0,208.0,200.0,207.0,2.48,1069.0,216553.0,1
2018-02-28,207.0,207.0,199.0,201.0,-2.9,2318.0,468399.0,-1
2018-03-04,197.0,202.0,194.0,194.0,-3.48,1162.0,227660.0,-1
2018-03-05,191.0,193.0,184.0,185.0,-4.64,2673.0,503260.0,-1
2018-03-06,185.0,188.0,181.0,185.0,0.0,2149.0,395744.0,0
2018-03-07,185.0,193.0,185.0,188.0,1.62,1572.0,296393.0,1
2018-03-11,185.0,189.0,183.0,185.0,-1.6,912.0,168843.0,-1
2018-03-12,182.0,188.0,179.0,188.0,1.62,513.0,94426.0,1
2018-03-13,186.0,186.0,183.0,186.0,-1.06,661.0,122459.0,-1
2018-03-14,185.0,187.0,184.0,187.0,0.54,314.0,58004.0,1
2018-03-15,184.0,187.0,184.0,185.0,-1.07,224.0,41830.0,-1
2018-03-18,188.0,188.0,177.0,178.0,-3.78,1383.0,253613.0,-1
2018-03-19,181.0,181.0,175.0,175.0,-1.69,1370.0,240660.0,-1
2018-03-20,175.0,175.0,173.0,173.0,-1.14,101.0,17585.0,-1
2018-03-21,171.0,171.0,168.0,168.0,-2.89,700.0,118200.0,-1
2018-03-22,171.0,173.0,163.0,163.0,-2.98,5622.0,939162.0,-1
2018-03-26,161.0,162.0,161.0,161.0,-1.23,172.0,27817.0,-1
2018-03-27,161.0,170.0,151.0,170.0,5.59,2926.0,461444.0,1
2018-03-28,168.0,173.0,164.0,164.0,-3.53,1399.0,232792.0,-1
2018-03-29,167.0,173.0,167.0,173.0,5.49,348.0,59628.0,1
2018-04-01,170.0,173.0,167.0,172.0,-0.58,525.0,88847.0,-1
2018-04-02,175.0,175.0,165.0,165.0,-4.07,542.0,92612.0,-1
2018-04-03,163.0,166.0,163.0,166.0,0.61,108.0,17634.0,1
2018-04-04,169.0,175.0,169.0,175.0,5.42,142.0,24724.0,1
2018-04-05,178.0,181.0,172.0,172.0,-1.71,678.0,120216.0,-1
2018-04-08,170.0,189.0,170.0,185.0,7.56,2231.0,411794.0,1
2018-04-09,183.0,186.0,182.0,182.0,-1.62,2370.0,435270.0,-1
2018-04-10,179.0,182.0,177.0,177.0,-2.75,524.0,94468.0,-1
2018-04-11,174.0,178.0,172.0,175.0,-1.13,301.0,52864.0,-1
2018-04-12,172.0,178.0,172.0,175.0,0.0,1154.0,201754.0,0
2018-04-15,175.0,178.0,175.0,175.0,0.0,328.0,58300.0,0
2018-04-16,175.0,180.0,174.0,178.0,1.71,523.0,92961.0,1
2018-04-17,176.0,184.0,176.0,184.0,3.37,206.0,37638.0,1
2018-04-18,182.0,202.0,181.0,199.0,8.15,4403.0,837662.0,1
2018-04-19,202.0,213.0,197.0,213.0,7.04,3678.0,752147.0,1
2018-04-22,217.0,224.0,208.0,224.0,5.16,4323.0,929069.0,1
2018-04-23,228.0,235.0,212.0,216.0,-3.57,7413.0,1674057.0,-1
2018-04-24,213.0,223.0,208.0,223.0,3.24,380.0,81830.0,1
2018-04-25,227.0,227.0,210.0,210.0,-5.83,1527.0,327658.0,-1
2018-04-26,208.0,212.0,206.0,210.0,0.0,638.0,133070.0,0
2018-04-29,206.0,206.0,197.0,200.0,-4.76,155.0,31090.0,-1
2018-05-02,196.0,197.0,193.0,197.0,-1.5,555.0,108222.0,-1
2018-05-03,195.0,204.0,195.0,204.0,3.55,888.0,177784.0,1
2018-05-06,205.0,205.0,199.0,204.0,0.0,1546.0,312074.0,0
2018-05-07,200.0,202.0,196.0,202.0,-0.98,1313.0,261320.0,-1
2018-05-08,204.0,203.0,194.0,203.0,0.5,783.0,155469.0,1
2018-05-09,199.0,203.0,198.0,199.0,-1.97,480.0,96006.0,-1
2018-05-10,202.0,202.0,196.0,200.0,0.5,628.0,124354.0,1
2018-05-14,196.0,197.0,194.0,195.0,-2.5,1118.0,218843.0,-1
2018-05-15,192.0,192.0,192.0,192.0,-1.54,73.0,14016.0,-1
2018-05-16,190.0,192.0,190.0,191.0,-0.52,174.0,33212.0,-1
2018-05-17,191.0,192.0,189.0,192.0,0.52,1063.0,201517.0,1
2018-05-20,192.0,194.0,186.0,186.0,-3.13,697.0,132750.0,-1
2018-05-21,187.0,192.0,184.0,187.0,0.54,956.0,181727.0,1
2018-05-22,190.0,190.0,186.0,189.0,1.07,1440.0,273414.0,1
2018-05-23,189.0,192.0,189.0,192.0,1.59,254.0,48606.0,1
2018-05-24,192.0,192.0,187.0,187.0,-2.6,150.0,28178.0,-1
2018-05-27,185.0,186.0,183.0,186.0,-0.53,367.0,68170.0,-1
2018-05-28,183.0,191.0,183.0,191.0,2.69,421.0,79700.0,1
2018-05-29,191.0,191.0,187.0,190.0,-0.52,178.0,33732.0,-1
2018-05-30,187.0,191.0,187.0,190.0,0.0,322.0,61113.0,0
2018-05-31,190.0,190.0,187.0,187.0,-1.58,207.0,38793.0,-1
2018-06-03,187.0,188.0,187.0,188.0,0.53,272.0,51074.0,1
2018-06-04,187.0,187.0,181.0,184.0,-2.13,212.0,39026.0,-1
2018-06-06,181.0,181.0,180.0,180.0,-2.17,42.0,7588.0,-1
2018-06-07,180.0,178.0,173.0,174.0,-3.33,933.0,163096.0,-1
2018-06-10,172.0,172.0,169.0,172.0,-1.15,306.0,51903.0,-1
2018-06-11,169.0,175.0,169.0,175.0,1.74,1108.0,190264.0,1
2018-06-12,174.0,174.0,168.0,170.0,-2.86,525.0,89164.0,-1
2018-06-13,167.0,173.0,164.0,173.0,1.76,1436.0,243551.0,1
2018-06-14,173.0,190.0,170.0,185.0,6.94,4525.0,839898.0,1
2018-06-17,185.0,185.0,173.0,182.0,-1.62,778.0,140250.0,-1
2018-06-18,183.0,183.0,180.0,180.0,-1.1,736.0,133968.0,-1
2018-06-19,178.0,183.0,178.0,183.0,1.67,430.0,78298.0,1
2018-06-20,182.0,182.0,175.0,175.0,-4.37,767.0,138288.0,-1
2018-06-21,172.0,172.0,167.0,167.0,-4.57,1087.0,183804.0,-1
2018-06-24,164.0,169.0,164.0,168.0,0.6,389.0,65554.0,1
2018-06-25,171.0,172.0,168.0,172.0,2.38,192.0,32578.0,1
2018-06-26,170.0,172.0,170.0,172.0,0.0,1457.0,248756.0,0
2018-06-27,170.0,173.0,170.0,172.0,0.0,128.0,21999.0,0
2018-06-28,170.0,175.0,170.0,172.0,0.0,1397.0,240805.0,0
2018-07-01,173.0,173.0,166.0,166.0,-3.49,201.0,34001.0,-1
2018-07-02,168.0,168.0,160.0,162.0,-2.41,684.0,112312.0,-1
2018-07-03,162.0,162.0,160.0,162.0,0.0,99.0,15977.0,0
2018-07-04,162.0,165.0,162.0,165.0,1.85,597.0,97105.0,1
2018-07-05,165.0,180.0,165.0,180.0,9.09,1237.0,212130.0,1
2018-07-08,180.0,180.0,168.0,168.0,-6.67,1966.0,342004.0,-1
2018-07-09,168.0,172.0,165.0,165.0,-1.79,4169.0,695863.0,-1
2018-07-10,165.0,170.0,163.0,163.0,-1.21,2660.0,440680.0,-1
2018-07-11,160.0,170.0,160.0,163.0,0.0,3582.0,591298.0,0
2018-07-12,166.0,167.0,165.0,166.0,1.84,668.0,111046.0,1
2018-07-15,166.0,166.0,160.0,160.0,-3.61,1586.0,257283.0,-1
2018-07-16,163.0,172.0,162.0,172.0,7.5,303.0,50905.0,1
2018-07-17,172.0,172.0,164.0,169.0,-1.74,443.0,74238.0,-1
2018-07-18,169.0,170.0,165.0,165.0,-2.37,529.0,89175.0,-1
2018-07-19,165.0,166.0,163.0,164.0,-0.61,133.0,21912.0,-1
2018-07-22,164.0,164.0,162.0,162.0,-1.22,632.0,103048.0,-1
2018-07-23,165.0,166.0,163.0,166.0,2.47,154.0,25430.0,1
2018-07-24,166.0,169.0,166.0,166.0,0.0,358.0,60028.0,0
2018-07-25,169.0,169.0,164.0,164.0,-1.2,234.0,39066.0,-1
2018-07-26,164.0,167.0,163.0,163.0,-0.61,384.0,63046.0,-1
2018-07-29,165.0,168.0,165.0,168.0,3.07,851.0,141364.0,1
2018-07-30,168.0,174.0,165.0,166.0,-1.19,1733.0,292360.0,-1
2018-07-31,164.0,174.0,164.0,170.0,2.41,1762.0,298582.0,1
2018-08-01,167.0,167.0,165.0,165.0,-2.94,541.0,89361.0,-1
2018-08-02,166.0,171.0,166.0,167.0,1.21,3686.0,621383.0,1
2018-08-05,164.0,170.0,162.0,170.0,1.8,684.0,114692.0,1
2018-08-06,167.0,170.0,164.0,166.0,-2.35,1246.0,207226.0,-1
2018-08-07,169.0,169.0,167.0,167.0,0.6,86.0,14500.0,1
2018-08-08,167.0,170.0,166.0,170.0,1.8,1010.0,170963.0,1
2018-08-09,167.0,169.0,166.0,168.0,-1.18,719.0,121157.0,-1
2018-08-12,165.0,166.0,163.0,165.0,-1.79,1177.0,194232.0,-1
2018-08-13,167.0,168.0,164.0,164.0,-0.61,3352.0,554448.0,-1
2018-08-14,163.0,167.0,163.0,166.0,1.22,212.0,34861.0,1
2018-08-15,163.0,170.0,162.0,170.0,2.41,484.0,80814.0,1
2018-08-16,168.0,168.0,168.0,168.0,-1.18,24.0,4032.0,-1
2018-08-19,165.0,165.0,165.0,165.0,-1.79,10.0,1650.0,-1
2018-08-20,162.0,164.0,162.0,164.0,-0.61,582.0,94848.0,-1
2018-08-21,162.0,168.0,162.0,168.0,2.44,239.0,39025.0,1
2018-08-22,165.0,167.0,165.0,167.0,-0.6,56.0,9296.0,-1
2018-08-23,164.0,165.0,164.0,165.0,-1.2,107.0,17641.0,-1
2018-08-26,162.0,165.0,160.0,165.0,0.0,2289.0,369266.0,0
2018-08-28,165.0,165.0,162.0,162.0,-1.82,1326.0,217244.0,-1
2018-08-29,162.0,168.0,162.0,163.0,0.62,1139.0,185777.0,1
2018-08-30,162.0,165.0,162.0,165.0,1.23,40.0,6540.0,1
2018-09-02,162.0,162.0,161.0,162.0,-1.82,69.0,11154.0,-1
2018-09-03,163.0,174.0,161.0,174.0,7.41,277.0,47429.0,1
2018-09-04,174.0,177.0,171.0,171.0,-1.72,311.0,53751.0,-1
2018-09-05,168.0,172.0,168.0,172.0,0.58,846.0,143286.0,1
2018-09-06,175.0,175.0,165.0,165.0,-4.07,1755.0,302691.0,-1
2018-09-09,162.0,168.0,162.0,165.0,0.0,452.0,74246.0,0
2018-09-10,162.0,165.0,162.0,165.0,0.0,129.0,20961.0,0
2018-09-11,166.0,169.0,163.0,169.0,2.42,2529.0,421149.0,1
2018-09-12,170.0,170.0,170.0,170.0,0.59,200.0,34000.0,1
2018-09-13,168.0,168.0,165.0,165.0,-2.94,293.0,48489.0,-1
2018-09-16,164.0,174.0,164.0,174.0,5.45,441.0,72943.0,1
2018-09-17,171.0,171.0,168.0,168.0,-3.45,265.0,44550.0,-1
2018-09-18,165.0,165.0,162.0,163.0,-2.98,1973.0,323813.0,-1
2018-09-20,166.0,172.0,165.0,165.0,1.23,1533.0,255173.0,1
2018-09-23,162.0,166.0,162.0,164.0,-0.61,2832.0,465962.0,-1
2018-09-25,163.0,169.0,163.0,167.0,1.83,881.0,146081.0,1
2018-09-26,170.0,170.0,167.0,167.0,0.0,103.0,17237.0,0
2018-09-27,164.0,166.0,164.0,164.0,-1.8,84.0,13819.0,-1
2018-09-30,162.0,165.0,162.0,163.0,-0.61,2999.0,488224.0,-1
2018-10-01,163.0,165.0,162.0,162.0,-0.61,1437.0,234722.0,-1
2018-10-02,162.0,164.0,158.0,164.0,1.23,3559.0,579363.0,1
2018-10-03,161.0,164.0,161.0,164.0,0.0,86.0,13888.0,0
2018-10-04,161.0,164.0,158.0,162.0,-1.22,552.0,88928.0,-1
2018-10-07,159.0,159.0,157.0,157.0,-3.09,148.0,23334.0,-1
2018-10-08,159.0,159.0,159.0,159.0,1.27,24.0,3816.0,1
2018-10-09,156.0,162.0,153.0,160.0,0.63,632.0,100321.0,1
2018-10-10,157.0,163.0,157.0,157.0,-1.88,139.0,22057.0,-1
2018-10-11,154.0,159.0,154.0,159.0,1.27,585.0,92651.0,1
2018-10-14,158.0,159.0,156.0,159.0,0.0,187.0,29252.0,0
2018-10-15,162.0,162.0,156.0,159.0,0.0,263.0,41817.0,0
2018-10-21,162.0,162.0,162.0,162.0,1.89,14.0,2268.0,1
2018-10-22,159.0,159.0,159.0,159.0,-1.85,357.0,56763.0,-1
2018-10-23,158.0,160.0,157.0,157.0,-1.26,998.0,157930.0,-1
2018-10-24,154.0,166.0,153.0,166.0,5.73,146.0,22832.0,1
2018-10-29,163.0,163.0,156.0,157.0,-5.42,481.0,75816.0,-1
2018-10-30,157.0,157.0,154.0,155.0,-1.27,926.0,143644.0,-1
2018-10-31,152.0,155.0,152.0,152.0,-1.94,814.0,125624.0,-1
2018-11-01,152.0,152.0,150.0,150.0,-1.32,512.0,77258.0,-1
2018-11-04,150.0,150.0,147.0,147.0,-2.0,214.0,31866.0,-1
2018-11-05,146.0,146.0,145.0,146.0,-0.68,610.0,88766.0,-1
2018-11-11,146.0,146.0,145.0,145.0,-0.68,89.0,12980.0,-1
2018-11-12,143.0,145.0,141.0,141.0,-2.76,556.0,78908.0,-1
2018-11-13,139.0,141.0,138.0,139.0,-1.42,814.0,113132.0,-1
2018-11-14,137.0,143.0,137.0,143.0,2.88,744.0,102574.0,1
2018-11-15,141.0,142.0,141.0,141.0,-1.4,71.0,10047.0,-1
2018-11-18,137.0,139.0,135.0,135.0,-4.26,529.0,72425.0,-1
2018-11-19,135.0,138.0,135.0,137.0,1.48,718.0,97978.0,1
2018-11-21,135.0,135.0,133.0,134.0,-2.19,870.0,116907.0,-1
2018-11-22,136.0,137.0,134.0,134.0,0.0,906.0,123296.0,0
2018-11-25,132.0,132.0,130.0,130.0,-2.99,570.0,74226.0,-1
2018-11-26,132.0,132.0,128.0,130.0,0.0,1346.0,174868.0,0
2018-11-27,130.0,132.0,130.0,130.0,0.0,1309.0,171435.0,0
2018-11-28,129.0,131.0,129.0,131.0,0.77,963.0,125194.0,1
2018-11-29,130.0,131.0,129.0,131.0,0.0,730.0,95296.0,0
2018-12-02,129.0,129.0,125.0,125.0,-4.58,1000.0,126240.0,-1
2018-12-03,127.0,131.0,125.0,131.0,4.8,563.0,72854.0,1
2018-12-04,131.0,133.0,130.0,133.0,1.53,573.0,75083.0,1
2018-12-06,131.0,131.0,125.0,127.0,-4.51,257.0,33287.0,-1
2018-12-09,125.0,125.0,124.0,124.0,-2.36,475.0,58964.0,-1
2018-12-10,124.0,129.0,124.0,128.0,3.23,474.0,60621.0,1
2018-12-12,127.0,127.0,127.0,127.0,-0.78,30.0,3810.0,-1
2018-12-13,126.0,128.0,124.0,124.0,-2.36,1195.0,148796.0,-1
2018-12-16,122.0,125.0,122.0,123.0,-0.81,1409.0,174105.0,-1
2018-12-17,123.0,123.0,123.0,123.0,0.0,42.0,5166.0,0
2018-12-18,124.0,125.0,123.0,125.0,1.63,1448.0,180004.0,1
2018-12-19,126.0,126.0,123.0,125.0,0.0,169.0,21079.0,0
2018-12-20,123.0,124.0,121.0,123.0,-1.6,603.0,74183.0,-1
2018-12-23,122.0,123.0,117.0,117.0,-4.88,1431.0,170741.0,-1
2018-12-24,119.0,124.0,119.0,124.0,5.98,563.0,69189.0,1
2018-12-25,122.0,122.0,122.0,122.0,-1.61,10.0,1220.0,-1
2018-12-26,123.0,124.0,122.0,124.0,1.64,1719.0,211159.0,1
2018-12-27,124.0,124.0,120.0,121.0,-2.42,994.0,121762.0,-1
2018-12-30,120.0,123.0,120.0,123.0,1.65,111.0,13611.0,1
2018-12-31,123.0,125.0,122.0,122.0,-0.81,405.0,49755.0,-1
2019-01-01,122.0,123.0,122.0,122.0,0.0,137.0,16814.0,0
2019-01-02,120.0,120.0,120.0,120.0,-1.64,200.0,24000.0,-1
2019-01-03,122.0,126.0,120.0,126.0,5.0,1144.0,142728.0,1
2019-01-06,124.0,126.0,123.0,125.0,-0.79,182.0,22685.0,-1
2019-01-07,123.0,124.0,121.0,124.0,-0.8,124.0,15252.0,-1
2019-01-08,122.0,122.0,122.0,122.0,-1.61,214.0,26108.0,-1
2019-01-09,122.0,122.0,122.0,122.0,0.0,57.0,6954.0,0
2019-01-10,120.0,123.0,120.0,122.0,0.0,272.0,33158.0,0
2019-01-13,120.0,122.0,120.0,122.0,0.0,77.0,9354.0,0
2019-01-14,121.0,123.0,121.0,123.0,0.82,408.0,49466.0,1
2019-01-15,124.0,127.0,124.0,126.0,2.44,475.0,59685.0,1
2019-01-16,125.0,126.0,123.0,124.0,-1.59,728.0,90858.0,-1
2019-01-17,122.0,123.0,121.0,121.0,-2.42,106.0,12958.0,-1
2019-01-20,119.0,120.0,119.0,120.0,-0.83,122.0,14596.0,-1
2019-01-21,120.0,120.0,120.0,120.0,0.0,1061.0,127320.0,0
2019-01-22,118.0,122.0,118.0,121.0,0.83,887.0,107388.0,1
2019-01-23,120.0,122.0,120.0,122.0,0.83,524.0,63494.0,1
2019-01-24,122.0,122.0,120.0,120.0,-1.64,62.0,7516.0,-1
2019-01-27,120.0,120.0,118.0,120.0,0.0,1340.0,158668.0,0
2019-01-28,119.0,122.0,119.0,122.0,1.67,48.0,5802.0,1
2019-01-29,120.0,120.0,116.0,116.0,-4.92,196.0,23212.0,-1
2019-01-30,116.0,119.0,115.0,116.0,0.0,1249.0,146534.0,0
2019-01-31,115.0,117.0,115.0,116.0,0.0,290.0,33737.0,0
2019-02-03,114.0,115.0,114.0,115.0,-0.86,1002.0,115168.0,-1
2019-02-04,114.0,115.0,113.0,113.0,-1.74,846.0,96641.0,-1
2019-02-05,113.0,116.0,113.0,116.0,2.65,205.0,23441.0,1
2019-02-06,118.0,118.0,115.0,115.0,-0.86,76.0,8812.0,-1
2019-02-07,115.0,116.0,113.0,115.0,0.0,222.0,25376.0,0
2019-02-10,113.0,117.0,113.0,115.0,0.0,219.0,24987.0,0
2019-02-11,113.0,114.0,113.0,114.0,-0.87,64.0,7252.0,-1
2019-02-12,112.0,115.0,112.0,115.0,0.88,412.0,46942.0,1
2019-02-13,116.0,116.0,113.0,113.0,-1.74,1176.0,135260.0,-1
2019-02-14,111.0,113.0,110.0,110.0,-2.65,2387.0,266257.0,-1
2019-02-17,111.0,112.0,109.0,110.0,0.0,581.0,63966.0,0
2019-02-18,108.0,111.0,107.0,108.0,-1.82,674.0,72743.0,-1
2019-02-19,110.0,111.0,106.0,111.0,2.78,923.0,99879.0,1
2019-02-20,111.0,111.0,107.0,108.0,-2.7,138.0,14945.0,-1
2019-02-21,106.0,111.0,106.0,111.0,2.78,126.0,13784.0,1
2019-02-24,109.0,109.0,106.0,107.0,-3.6,1016.0,109930.0,-1
2019-02-25,105.0,107.0,105.0,107.0,0.0,235.0,24857.0,0
2019-02-26,107.0,108.0,107.0,107.0,0.0,303.0,32644.0,0
2019-02-27,109.0,109.0,107.0,108.0,0.93,460.0,49314.0,1
2019-03-03,108.0,108.0,104.0,106.0,-1.85,816.0,86433.0,-1
2019-03-05,104.0,105.0,104.0,105.0,-0.94,180.0,18746.0,-1
2019-03-06,103.0,107.0,103.0,107.0,1.9,192.0,20062.0,1
2019-03-07,105.0,109.0,105.0,109.0,1.87,110.0,11842.0,1
2019-03-10,107.0,108.0,107.0,108.0,-0.92,141.0,15101.0,-1
2019-03-11,108.0,113.0,108.0,113.0,4.63,1120.0,125058.0,1
2019-03-12,114.0,120.0,113.0,116.0,2.65,973.0,112556.0,1
2019-03-13,116.0,117.0,114.0,116.0,0.0,1964.0,227949.0,0
2019-03-14,112.0,118.0,110.0,114.0,-1.72,1510.0,172228.0,-1
2019-03-17,113.0,114.0,112.0,113.0,-0.88,905.0,102286.0,-1
2019-03-18,114.0,118.0,114.0,118.0,4.42,1354.0,157710.0,1
2019-03-21,112.0,112.0,110.0,112.0,-5.08,1089.0,121872.0,-1
2019-03-24,112.0,115.0,112.0,113.0,0.89,672.0,75942.0,1
2019-03-25,112.0,114.0,110.0,114.0,0.88,398.0,44922.0,1
2019-03-26,113.0,114.0,110.0,114.0,0.0,171.0,19226.0,0
2019-03-27,112.0,115.0,112.0,115.0,0.88,293.0,33444.0,1
2019-03-28,113.0,113.0,111.0,113.0,-1.74,107.0,11949.0,-1
2019-03-31,112.0,115.0,111.0,115.0,1.77,160.0,17992.0,1
2019-04-01,113.0,114.0,111.0,114.0,-0.87,328.0,36746.0,-1
2019-04-02,116.0,118.0,113.0,116.0,1.75,1641.0,192356.0,1
2019-04-03,114.0,117.0,114.0,115.0,-0.86,799.0,91930.0,-1
2019-04-04,115.0,117.0,113.0,115.0,0.0,520.0,60112.0,0
2019-04-07,115.0,116.0,113.0,113.0,-1.74,167.0,19036.0,-1
2019-04-08,111.0,116.0,111.0,114.0,0.88,226.0,25703.0,1
2019-04-09,112.0,113.0,112.0,113.0,-0.88,116.0,13002.0,-1
2019-04-10,113.0,113.0,110.0,113.0,0.0,320.0,35766.0,0
2019-04-11,111.0,112.0,109.0,111.0,-1.77,604.0,67102.0,-1
2019-04-15,111.0,111.0,109.0,111.0,0.0,68.0,7470.0,0
2019-04-16,111.0,112.0,110.0,112.0,0.9,3248.0,359799.0,1
2019-04-17,113.0,113.0,112.0,112.0,0.0,142.0,15918.0,0
2019-04-18,111.0,113.0,110.0,112.0,0.0,236.0,26404.0,0
2019-04-21,110.0,111.0,107.0,110.0,-1.79,1159.0,126235.0,-1
2019-04-22,110.0,111.0,108.0,110.0,0.0,788.0,86330.0,0
2019-04-23,108.0,112.0,106.0,112.0,1.82,965.0,105701.0,1
2019-04-24,110.0,110.0,107.0,107.0,-4.46,1401.0,151597.0,-1
2019-04-25,107.0,110.0,107.0,107.0,0.0,1381.0,150487.0,0
2019-04-28,109.0,116.0,109.0,115.0,7.48,3086.0,352520.0,1
2019-04-29,115.0,115.0,109.0,110.0,-4.35,417.0,47033.0,-1
2019-04-30,108.0,119.0,108.0,119.0,8.18,1826.0,210695.0,1
2019-05-02,117.0,117.0,113.0,113.0,-5.04,1069.0,123051.0,-1
2019-05-05,113.0,115.0,110.0,110.0,-2.65,1522.0,171387.0,-1
2019-05-06,110.0,112.0,110.0,112.0,1.82,338.0,37200.0,1
2019-05-07,110.0,116.0,110.0,114.0,1.79,1743.0,199105.0,1
2019-05-08,116.0,118.0,110.0,118.0,3.51,1845.0,215202.0,1
2019-05-09,118.0,118.0,114.0,118.0,0.0,1521.0,175125.0,0
2019-05-12,116.0,124.0,114.0,123.0,4.24,3839.0,453659.0,1
2019-05-13,121.0,121.0,116.0,116.0,-5.69,1674.0,199261.0,-1
2019-05-14,114.0,124.0,114.0,123.0,6.03,7580.0,891936.0,1
2019-05-15,121.0,121.0,117.0,119.0,-3.25,1110.0,131778.0,-1
2019-05-16,118.0,121.0,117.0,117.0,-1.68,3583.0,422370.0,-1
2019-05-19,116.0,116.0,115.0,115.0,-1.71,1461.0,169015.0,-1
2019-05-20,115.0,119.0,115.0,117.0,1.74,3133.0,367055.0,1
2019-05-21,117.0,127.0,117.0,125.0,6.84,4845.0,596977.0,1
2019-05-22,125.0,133.0,119.0,129.0,3.2,12866.0,1643666.0,1
2019-05-23,129.0,129.0,118.0,118.0,-8.53,2037.0,248708.0,-1
2019-05-26,119.0,123.0,117.0,119.0,0.85,3524.0,424761.0,1
2019-05-27,121.0,127.0,121.0,125.0,5.04,245.0,30393.0,1
2019-05-29,123.0,123.0,119.0,119.0,-4.8,566.0,67954.0,-1
2019-05-30,117.0,124.0,117.0,121.0,1.68,696.0,84661.0,1
2019-06-02,121.0,121.0,119.0,119.0,-1.65,134.0,16012.0,-1
2019-06-03,117.0,117.0,115.0,115.0,-3.36,2170.0,251948.0,-1
2019-06-04,115.0,116.0,114.0,115.0,0.0,3350.0,387693.0,0
2019-06-06,114.0,114.0,112.0,112.0,-2.61,2548.0,287162.0,-1
2019-06-10,114.0,118.0,114.0,117.0,4.46,636.0,73604.0,1
2019-06-11,119.0,120.0,112.0,112.0,-4.27,5878.0,669523.0,-1
2019-06-12,113.0,116.0,111.0,116.0,3.57,612.0,69647.0,1
2019-06-13,114.0,114.0,113.0,114.0,-1.72,337.0,38404.0,-1
2019-06-16,114.0,114.0,110.0,110.0,-3.51,2008.0,222275.0,-1
2019-06-17,109.0,115.0,109.0,114.0,3.64,885.0,101248.0,1
2019-06-18,112.0,112.0,110.0,111.0,-2.63,128.0,14294.0,-1
2019-06-19,110.0,114.0,109.0,110.0,-0.9,2048.0,228901.0,-1
2019-06-20,111.0,112.0,110.0,112.0,1.82,926.0,102260.0,1
2019-06-23,110.0,112.0,110.0,110.0,-1.79,234.0,25768.0,-1
2019-06-24,111.0,113.0,109.0,110.0,0.0,437.0,48304.0,0
2019-06-25,109.0,112.0,109.0,112.0,1.82,183.0,20123.0,1
2019-06-26,110.0,110.0,110.0,110.0,-1.79,372.0,40920.0,-1
2019-06-27,110.0,112.0,110.0,110.0,0.0,1470.0,162032.0,0
2019-06-30,112.0,112.0,109.0,110.0,0.0,656.0,71801.0,0
2019-07-01,108.0,111.0,105.0,110.0,0.0,4623.0,501681.0,0
2019-07-02,108.0,110.0,107.0,110.0,0.0,488.0,52713.0,0
2019-07-03,110.0,111.0,109.0,109.0,-0.91,956.0,105475.0,-1
2019-07-04,108.0,111.0,108.0,109.0,0.0,792.0,86888.0,0
2019-07-07,114.0,115.0,108.0,109.0,0.0,362.0,40160.0,0
2019-07-08,107.0,111.0,107.0,109.0,0.0,1317.0,143353.0,0
2019-07-09,107.0,111.0,107.0,111.0,1.83,487.0,53313.0,1
2019-07-10,109.0,109.0,107.0,108.0,-2.7,345.0,37457.0,-1
2019-07-11,108.0,110.0,108.0,108.0,0.0,1252.0,135244.0,0
2019-07-14,106.0,112.0,106.0,110.0,1.85,834.0,91020.0,1
2019-07-15,108.0,110.0,108.0,110.0,0.0,616.0,67081.0,0
2019-07-16,108.0,110.0,108.0,109.0,-0.91,588.0,64211.0,-1
2019-07-17,109.0,111.0,109.0,111.0,1.83,105.0,11627.0,1
2019-07-18,111.0,115.0,111.0,115.0,3.6,690.0,77510.0,1
2019-07-21,113.0,113.0,112.0,112.0,-2.61,198.0,22224.0,-1
2019-07-22,110.0,112.0,110.0,110.0,-1.79,80.0,8856.0,-1
2019-07-23,110.0,110.0,108.0,108.0,-1.82,281.0,30482.0,-1
2019-07-24,108.0,112.0,108.0,112.0,3.7,121.0,13318.0,1
2019-07-25,112.0,112.0,109.0,110.0,-1.79,320.0,35428.0,-1
2019-07-28,108.0,109.0,108.0,109.0,-0.91,482.0,52356.0,-1
2019-07-29,107.0,107.0,107.0,107.0,-1.83,14.0,1498.0,-1
2019-07-30,105.0,109.0,105.0,109.0,1.87,875.0,94404.0,1
2019-07-31,108.0,109.0,108.0,108.0,-0.92,78.0,8434.0,-1
2019-08-01,110.0,110.0,107.0,107.0,-0.93,446.0,48058.0,-1
2019-08-04,105.0,109.0,105.0,107.0,0.0,965.0,103269.0,0
2019-08-05,108.0,108.0,107.0,108.0,0.93,2939.0,314807.0,1
2019-08-06,106.0,110.0,106.0,110.0,1.85,362.0,39322.0,1
2019-08-07,108.0,108.0,107.0,108.0,-1.82,685.0,73807.0,-1
2019-08-08,106.0,107.0,106.0,106.0,-1.85,510.0,54160.0,-1
2019-08-11,105.0,107.0,105.0,106.0,0.0,907.0,95842.0,0
2019-08-12,104.0,106.0,104.0,105.0,-0.94,212.0,22258.0,-1
2019-08-13,105.0,113.0,105.0,113.0,7.62,109.0,11828.0,1
2019-08-15,111.0,111.0,107.0,107.0,-5.31,326.0,35634.0,-1
2019-08-18,105.0,107.0,105.0,107.0,0.0,439.0,46917.0,0
2019-08-19,105.0,106.0,105.0,106.0,-0.93,56.0,5890.0,-1
2019-08-20,105.0,105.0,105.0,105.0,-0.94,442.0,46410.0,-1
2019-08-21,105.0,107.0,104.0,105.0,0.0,1684.0,176962.0,0
2019-08-22,104.0,106.0,104.0,106.0,0.95,331.0,35023.0,1
2019-08-25,108.0,108.0,106.0,106.0,0.0,210.0,22280.0,0
2019-08-26,104.0,106.0,104.0,105.0,-0.94,705.0,73984.0,-1
2019-08-27,105.0,106.0,104.0,105.0,0.0,1426.0,149632.0,0
2019-08-28,105.0,105.0,104.0,104.0,-0.95,152.0,15908.0,-1
2019-08-29,106.0,106.0,104.0,105.0,0.96,257.0,27085.0,1
2019-09-01,103.0,105.0,103.0,105.0,0.0,680.0,70316.0,0
2019-09-02,103.0,103.0,102.0,102.0,-2.86,67.0,6891.0,-1
2019-09-03,102.0,102.0,102.0,102.0,0.0,1015.0,103530.0,0
2019-09-04,102.0,106.0,102.0,105.0,2.94,1291.0,133543.0,1
2019-09-05,104.0,107.0,104.0,104.0,-0.95,334.0,35030.0,-1
2019-09-08,104.0,106.0,101.0,106.0,1.92,788.0,80588.0,1
2019-09-09,104.0,104.0,102.0,102.0,-3.77,49.0,5018.0,-1
2019-09-10,100.0,104.0,100.0,104.0,1.96,42.0,4284.0,1
2019-09-11,104.0,106.0,101.0,104.0,0.0,472.0,48509.0,0
2019-09-12,105.0,106.0,100.0,100.0,-3.85,2609.0,263149.0,-1
2019-09-15,100.0,99.0,100.0,100.0,0.0,139.0,13892.0,0
2019-09-16,99.0,100.0,99.0,100.0,0.0,267.0,26530.0,0
2019-09-17,99.0,99.0,100.0,101.0,1.0,415.0,42163.0,1
2019-09-18,100.0,104.0,100.0,102.0,0.99,594.0,60570.0,1
2019-09-19,100.0,105.0,100.0,103.0,0.98,78.0,7960.0,1
2019-09-22,103.0,104.0,101.0,104.0,0.97,94.0,9616.0,1
2019-09-23,102.0,105.0,102.0,105.0,0.96,702.0,73488.0,1
2019-09-24,107.0,107.0,107.0,107.0,1.9,14.0,1498.0,1
2019-09-25,109.0,109.0,105.0,107.0,0.0,328.0,34778.0,0
2019-09-26,107.0,107.0,103.0,105.0,-1.87,332.0,34380.0,-1
2019-09-29,105.0,105.0,101.0,101.0,-3.81,774.0,78822.0,-1
2019-09-30,101.0,102.0,101.0,102.0,0.99,56.0,5684.0,1
2019-10-01,100.0,102.0,100.0,102.0,0.0,48.0,4828.0,0
2019-10-02,102.0,102.0,102.0,102.0,0.0,42.0,4284.0,0
2019-10-14,100.0,103.0,100.0,103.0,0.98,379.0,38611.0,1
2019-10-15,102.0,104.0,102.0,103.0,0.0,65.0,6686.0,0
2019-10-16,102.0,103.0,100.0,102.0,-0.97,665.0,67160.0,-1
2019-10-17,102.0,103.0,102.0,103.0,0.98,331.0,33776.0,1
2019-10-22,101.0,101.0,100.0,101.0,-1.94,462.0,46348.0,-1
2019-10-23,100.0,100.0,100.0,100.0,-0.99,42.0,4200.0,-1
2019-10-24,102.0,103.0,102.0,103.0,3.0,178.0,18284.0,1
2019-10-31,102.0,105.0,102.0,105.0,1.94,123.0,12818.0,1
2019-11-03,103.0,103.0,100.0,100.0,-4.76,662.0,66443.0,-1
2019-11-04,102.0,102.0,99.0,100.0,0.0,2090.0,207600.0,0
2019-11-05,98.0,100.0,98.0,100.0,0.0,3197.0,314041.0,0
2019-11-06,100.0,100.0,99.0,100.0,0.0,1226.0,122439.0,0
2019-11-07,100.0,102.0,100.0,100.0,0.0,174.0,17500.0,0
2019-11-10,100.0,102.0,98.0,102.0,2.0,83.0,8276.0,1
2019-11-11,100.0,102.0,100.0,102.0,0.0,400.0,40330.0,0
2019-11-12,102.0,102.0,99.0,100.0,-1.96,752.0,75167.0,-1
2019-11-13,98.0,99.0,98.0,98.0,-2.0,335.0,33032.0,-1
2019-11-14,98.0,102.0,98.0,101.0,3.06,2338.0,233426.0,1
2019-11-17,103.0,107.0,101.0,103.0,1.98,1384.0,143662.0,1
2019-11-18,101.0,102.0,101.0,101.0,-1.94,185.0,18705.0,-1
2019-11-19,102.0,102.0,99.0,101.0,0.0,909.0,91672.0,0
2019-11-20,102.0,103.0,101.0,102.0,0.99,1430.0,146232.0,1
2019-11-21,100.0,102.0,100.0,102.0,0.0,589.0,60050.0,0
2019-11-24,100.0,102.0,100.0,101.0,-0.98,871.0,87927.0,-1
2019-11-25,100.0,99.0,100.0,100.0,-0.99,9948.0,986140.0,-1
2019-11-26,102.0,102.0,100.0,101.0,1.0,10480.0,1059989.0,1
2019-11-27,101.0,103.0,100.0,101.0,0.0,2248.0,228701.0,0
2019-11-28,99.0,102.0,99.0,101.0,0.0,2414.0,244710.0,0
2019-12-01,99.0,102.0,99.0,101.0,0.0,3788.0,381276.0,0
2019-12-02,99.0,101.0,99.0,100.0,-0.99,1430.0,143307.0,-1
2019-12-03,100.0,101.0,100.0,101.0,1.0,807.0,81210.0,1
2019-12-04,100.0,101.0,100.0,100.0,-0.99,1935.0,193859.0,-1
2019-12-05,100.0,104.0,100.0,104.0,4.0,1958.0,201362.0,1
2019-12-08,104.0,104.0,100.0,103.0,-0.96,978.0,100104.0,-1
2019-12-09,103.0,104.0,102.0,103.0,0.0,1604.0,166049.0,0
2019-12-10,102.0,103.0,102.0,102.0,-0.97,1069.0,109857.0,-1
2019-12-11,102.0,104.0,101.0,103.0,0.98,3198.0,323998.0,1
2019-12-12,103.0,107.0,102.0,107.0,3.88,3767.0,394780.0,1
2019-12-15,109.0,115.0,107.0,107.0,0.0,6752.0,751026.0,0
2019-12-16,106.0,113.0,106.0,107.0,0.0,7772.0,840114.0,0
2019-12-17,109.0,110.0,108.0,110.0,2.8,3098.0,338216.0,1
2019-12-18,109.0,110.0,107.0,107.0,-2.73,9083.0,984508.0,-1
2019-12-19,109.0,109.0,106.0,108.0,0.93,1653.0,177275.0,1
2019-12-22,108.0,112.0,107.0,112.0,3.7,3040.0,333226.0,1
2019-12-23,112.0,114.0,107.0,112.0,0.0,4862.0,536451.0,0
2019-12-24,112.0,112.0,108.0,108.0,-3.57,3886.0,428998.0,-1
2019-12-25,109.0,111.0,109.0,109.0,0.93,3009.0,329270.0,1
2019-12-26,107.0,111.0,105.0,107.0,-1.83,6363.0,682451.0,-1
2019-12-29,105.0,105.0,101.0,102.0,-4.67,510.0,51940.0,-1
2019-12-30,101.0,101.0,100.0,101.0,-0.98,808.0,81570.0,-1
2019-12-31,100.0,103.0,100.0,100.0,-0.99,4899.0,494116.0,-1
2020-01-01,102.0,102.0,100.0,101.0,1.0,3089.0,311912.0,1
2020-01-02,100.0,101.0,100.0,101.0,0.0,834.0,84100.0,0
2020-01-05,100.0,102.0,100.0,100.0,-0.99,1098.0,111434.0,-1
2020-01-06,100.0,101.0,100.0,100.0,0.0,7925.0,800314.0,0
2020-01-07,100.0,103.0,100.0,101.0,1.0,2908.0,296489.0,1
2020-01-08,102.0,103.0,101.0,101.0,0.0,422.0,42826.0,0
2020-01-09,101.0,102.0,101.0,102.0,0.99,359.0,36359.0,1
2020-01-12,103.0,106.0,102.0,106.0,3.92,7002.0,726539.0,1
2020-01-13,108.0,112.0,104.0,108.0,1.89,7268.0,780290.0,1
2020-01-14,110.0,110.0,106.0,106.0,-1.85,3304.0,358796.0,-1
2020-01-15,108.0,110.0,107.0,110.0,3.77,3321.0,361629.0,1
2020-01-16,109.0,114.0,109.0,111.0,0.91,7095.0,793753.0,1
2020-01-19,112.0,121.0,111.0,121.0,9.01,7713.0,883418.0,1
2020-01-20,123.0,123.0,111.0,111.0,-8.26,1419.0,161303.0,-1
2020-01-21,111.0,111.0,105.0,106.0,-4.5,2375.0,254886.0,-1
2020-01-22,106.0,106.0,104.0,105.0,-0.94,2007.0,210526.0,-1
2020-01-23,105.0,106.0,104.0,106.0,0.95,1118.0,117928.0,1
2020-01-26,105.0,106.0,104.0,104.0,-1.89,959.0,100051.0,-1
2020-01-27,104.0,106.0,104.0,106.0,1.92,648.0,68145.0,1
2020-01-28,106.0,107.0,105.0,107.0,0.94,1659.0,175856.0,1
2020-01-29,105.0,108.0,105.0,107.0,0.0,630.0,67253.0,0
2020-01-30,106.0,107.0,104.0,104.0,-2.8,5021.0,527492.0,-1
2020-02-02,104.0,110.0,104.0,108.0,3.85,4085.0,436996.0,1
2020-02-03,106.0,111.0,106.0,108.0,0.0,1499.0,163209.0,0
2020-02-04,108.0,111.0,108.0,109.0,0.93,1610.0,176524.0,1
2020-02-05,107.0,109.0,107.0,108.0,-0.92,2801.0,304433.0,-1
2020-02-06,106.0,108.0,106.0,108.0,0.0,214.0,22976.0,0
2020-02-09,106.0,108.0,106.0,107.0,-0.93,621.0,66011.0,-1
2020-02-10,107.0,111.0,107.0,111.0,3.74,2807.0,305322.0,1
2020-02-11,110.0,113.0,109.0,113.0,1.8,517.0,57247.0,1
2020-02-12,115.0,115.0,109.0,109.0,-3.54,221.0,24943.0,-1
2020-02-13,107.0,110.0,107.0,108.0,-0.92,1141.0,123251.0,-1
2020-02-16,110.0,113.0,108.0,113.0,4.63,2600.0,288612.0,1
2020-02-17,115.0,121.0,114.0,117.0,3.54,6289.0,735666.0,1
2020-02-18,115.0,121.0,114.0,114.0,-2.56,9430.0,1100256.0,-1
2020-02-19,115.0,117.0,113.0,114.0,0.0,3144.0,362977.0,0
2020-02-20,114.0,119.0,113.0,116.0,1.75,666.0,76798.0,1
2020-02-23,118.0,126.0,118.0,122.0,5.17,9530.0,1165424.0,1
2020-02-24,120.0,126.0,116.0,117.0,-4.1,2968.0,357998.0,-1
2020-02-25,115.0,124.0,115.0,122.0,4.27,3821.0,458439.0,1
2020-02-26,124.0,125.0,116.0,118.0,-3.28,4882.0,588240.0,-1
2020-02-27,116.0,119.0,115.0,116.0,-1.69,7948.0,923977.0,-1
2020-03-01,116.0,117.0,114.0,114.0,-1.72,7267.0,836299.0,-1
2020-03-02,112.0,112.0,109.0,109.0,-4.39,1539.0,169290.0,-1
2020-03-03,107.0,115.0,107.0,113.0,3.67,1523.0,166819.0,1
2020-03-04,111.0,111.0,107.0,107.0,-5.31,5263.0,575734.0,-1
2020-03-05,105.0,111.0,105.0,109.0,1.87,2488.0,267428.0,1
2020-03-10,107.0,107.0,106.0,106.0,-2.75,67.0,7126.0,-1
2020-03-11,108.0,110.0,105.0,107.0,0.94,3667.0,398602.0,1
2020-03-12,107.0,107.0,103.0,103.0,-3.74,3391.0,355852.0,-1
2020-03-15,102.0,104.0,101.0,104.0,0.97,5385.0,553207.0,1
2020-03-16,105.0,105.0,103.0,104.0,0.0,3041.0,314762.0,0
2020-03-17,102.0,103.0,101.0,101.0,-2.88,1083.0,110205.0,-1
2020-03-18,99.0,103.0,99.0,100.0,-0.99,4425.0,442371.0,-1
2020-03-19,98.0,102.0,98.0,101.0,1.0,4224.0,424174.0,1
2020-03-22,100.0,100.0,100.0,100.0,-0.99,519.0,51900.0,-1
2020-06-29,98.0,99.0,98.0,99.0,-1.0,38.0,3738.0,-1
2020-07-02,100.0,100.0,100.0,100.0,1.01,31.0,3100.0,1
2020-07-05,98.0,102.0,98.0,102.0,2.0,1415.0,141134.0,1
2020-07-06,100.0,103.0,98.0,101.0,-0.98,817.0,82581.0,-1
2020-07-07,101.0,102.0,99.0,101.0,0.0,6110.0,612106.0,0
2020-07-08,99.0,99.0,96.0,98.0,-2.97,2848.0,276906.0,-1
2020-07-09,97.0,98.0,97.0,98.0,0.0,983.0,95379.0,0
2020-07-12,98.0,99.0,97.0,98.0,0.0,3735.0,366073.0,0
2020-07-13,97.0,98.0,97.0,98.0,0.0,767.0,75026.0,0
2020-07-14,97.0,100.0,97.0,100.0,2.04,9027.0,901748.0,1
2020-07-15,98.0,104.0,98.0,104.0,4.0,4207.0,424988.0,1
2020-07-16,102.0,103.0,100.0,101.0,-2.88,8412.0,853406.0,-1
2020-07-20,103.0,106.0,101.0,104.0,2.97,6561.0,672549.0,1
2020-07-21,102.0,105.0,102.0,103.0,-0.96,10760.0,1115060.0,-1
2020-07-22,102.0,107.0,102.0,105.0,1.94,3687.0,386641.0,1
2020-07-23,103.0,105.0,103.0,104.0,-0.95,2075.0,215498.0,-1
2020-07-26,102.0,108.0,102.0,104.0,0.0,3570.0,372182.0,0
2020-07-27,102.0,105.0,102.0,104.0,0.0,1419.0,147424.0,0
2020-07-28,102.0,106.0,100.0,105.0,0.96,3086.0,323215.0,1
2020-07-29,103.0,106.0,101.0,106.0,0.95,1343.0,140139.0,1
2020-07-30,105.0,108.0,104.0,106.0,0.0,3530.0,376527.0,0
2020-08-02,104.0,106.0,104.0,105.0,-0.94,4118.0,432522.0,-1
2020-08-03,103.0,105.0,103.0,104.0,-0.95,812.0,84524.0,-1
2020-08-05,103.0,104.0,102.0,103.0,-0.96,2979.0,306897.0,-1
2020-08-06,101.0,105.0,101.0,103.0,0.0,1843.0,189682.0,0
2020-08-09,102.0,103.0,101.0,102.0,-0.97,1296.0,131857.0,-1
2020-08-10,101.0,104.0,101.0,103.0,0.98,2633.0,268865.0,1
2020-08-11,101.0,104.0,101.0,104.0,0.97,2006.0,205072.0,1
2020-08-12,102.0,103.0,101.0,103.0,-0.96,2759.0,282181.0,-1
2020-08-13,101.0,102.0,101.0,101.0,-1.94,2201.0,223815.0,-1
2020-08-16,100.0,101.0,99.0,100.0,-0.99,2819.0,282979.0,-1
2020-08-17,100.0,100.0,100.0,100.0,0.0,461.0,46100.0,0
2020-08-18,100.0,102.0,100.0,101.0,1.0,792.0,80167.0,1
2020-08-19,100.0,102.0,100.0,100.0,-0.99,1696.0,170680.0,-1
2020-08-20,102.0,102.0,100.0,101.0,1.0,1147.0,115816.0,1
2020-08-23,100.0,102.0,100.0,100.0,-0.99,663.0,66443.0,-1
2020-08-24,99.0,99.0,100.0,103.0,3.0,1048.0,105516.0,1
2020-08-25,101.0,103.0,100.0,102.0,-0.97,806.0,82414.0,-1
2020-08-26,100.0,102.0,100.0,102.0,0.0,1572.0,158184.0,0
2020-08-27,100.0,103.0,100.0,103.0,0.98,2626.0,267067.0,1
2020-08-30,101.0,103.0,101.0,101.0,-1.94,3951.0,400115.0,-1
2020-08-31,102.0,108.0,101.0,104.0,2.97,6597.0,686895.0,1
2020-09-02,106.0,114.0,105.0,114.0,9.62,13461.0,1509773.0,1
2020-09-03,119.0,123.0,105.0,111.0,-2.63,18081.0,2055457.0,-1
2020-09-06,110.0,118.0,108.0,113.0,1.8,12310.0,1392518.0,1
2020-09-07,112.0,113.0,110.0,112.0,-0.88,3320.0,370247.0,-1
2020-09-08,110.0,114.0,108.0,109.0,-2.68,3211.0,352946.0,-1
2020-09-09,109.0,112.0,109.0,111.0,1.83,1697.0,187320.0,1
2020-09-10,111.0,115.0,106.0,115.0,3.6,4078.0,456680.0,1
2020-09-13,113.0,121.0,109.0,121.0,5.22,27264.0,3198984.0,1
2020-09-14,122.0,130.0,117.0,126.0,4.13,30064.0,3779042.0,1
2020-09-15,126.0,126.0,120.0,122.0,-3.17,13941.0,1708429.0,-1
2020-09-16,120.0,134.0,117.0,134.0,9.84,36271.0,4672667.0,1
2020-09-17,140.0,147.0,140.0,147.0,9.7,39089.0,5664135.0,1
2020-09-20,154.0,154.0,133.0,137.0,-6.8,38056.0,5256912.0,-1
2020-09-21,135.0,146.0,129.0,140.0,2.19,28731.0,3928026.0,1
2020-09-22,138.0,140.0,126.0,127.0,-9.29,21458.0,2891129.0,-1
2020-09-23,125.0,139.0,125.0,139.0,9.45,19798.0,2652196.0,1
2020-09-24,137.0,152.0,137.0,152.0,9.35,80363.0,12014417.0,1
2020-09-27,152.0,154.0,142.0,144.0,-5.26,62901.0,9383864.0,-1
2020-09-28,146.0,146.0,136.0,144.0,0.0,23863.0,3386257.0,0
2020-09-29,142.0,158.0,140.0,158.0,9.72,59063.0,8930539.0,1
2020-09-30,160.0,163.0,153.0,155.0,-1.9,52510.0,8336771.0,-1
2020-10-01,155.0,155.0,145.0,147.0,-5.16,23726.0,3564550.0,-1
2020-10-04,147.0,153.0,144.0,146.0,-0.68,25207.0,3701677.0,-1
2020-10-05,144.0,150.0,144.0,145.0,-0.68,24688.0,3638092.0,-1
2020-10-06,152.0,159.0,145.0,159.0,9.66,62366.0,9685527.0,1
2020-10-07,152.0,174.0,152.0,174.0,9.43,484649.0,77713911.0,1
2020-10-08,175.0,191.0,173.0,178.0,2.3,117119.0,21266666.0,1
2020-10-11,178.0,178.0,169.0,172.0,-3.37,129330.0,22272616.0,-1
2020-10-12,164.0,184.0,164.0,173.0,0.58,58133.0,10152186.0,1
2020-10-13,181.0,181.0,163.0,163.0,-5.78,31113.0,5226716.0,-1
2020-10-14,160.0,167.0,153.0,155.0,-4.91,44737.0,7062142.0,-1
2020-10-15,155.0,170.0,155.0,158.0,1.94,22827.0,3669536.0,1
2020-10-18,161.0,161.0,154.0,160.0,1.27,13354.0,2110229.0,1
2020-10-19,157.0,168.0,157.0,167.0,4.38,42670.0,7009614.0,1
2020-10-20,167.0,175.0,164.0,170.0,1.8,94864.0,16245070.0,1
2020-10-21,173.0,173.0,165.0,168.0,-1.18,27439.0,4632253.0,-1
2020-10-22,170.0,171.0,165.0,167.0,-0.6,22810.0,3835863.0,-1
2020-10-28,170.0,173.0,164.0,168.0,0.6,22935.0,3815289.0,1
2020-10-29,166.0,170.0,163.0,163.0,-2.98,36048.0,5948375.0,-1
2020-11-01,162.0,172.0,162.0,168.0,3.07,51962.0,8737496.0,1
2020-11-02,169.0,170.0,165.0,167.0,-0.6,15344.0,2559021.0,-1
2020-11-03,166.0,169.0,165.0,166.0,-0.6,14576.0,2439300.0,-1
2020-11-04,166.0,168.0,165.0,168.0,1.2,25569.0,4240910.0,1
2020-11-05,168.0,181.0,168.0,179.0,6.55,197508.0,34809805.0,1
2020-11-08,182.0,192.0,180.0,186.0,3.91,247303.0,45954040.0,1
2020-11-09,177.0,191.0,177.0,181.0,-2.69,90852.0,16726476.0,-1
2020-11-10,179.0,181.0,175.0,178.0,-1.66,76935.0,13605481.0,-1
2020-11-11,177.0,180.0,174.0,177.0,-0.56,63623.0,11176021.0,-1
2020-11-12,176.0,176.0,169.0,174.0,-1.69,96508.0,16574597.0,-1
2020-11-18,182.0,182.0,162.0,164.0,-5.75,92330.0,15271805.0,-1
2020-11-19,161.0,172.0,161.0,170.0,3.66,81005.0,13695735.0,1
2020-11-22,173.0,173.0,164.0,166.0,-2.35,27367.0,4564661.0,-1
2020-11-23,174.0,174.0,162.0,165.0,-0.6,22068.0,3623294.0,-1
2020-11-24,162.0,171.0,162.0,168.0,1.82,55867.0,9387587.0,1
2020-11-25,171.0,175.0,164.0,168.0,0.0,39508.0,6634136.0,0
2020-11-26,176.0,176.0,160.0,164.0,-2.38,119175.0,19397554.0,-1
2020-11-29,165.0,170.0,158.0,160.0,-2.44,147840.0,23929373.0,-1
2020-11-30,168.0,176.0,159.0,176.0,10.0,125535.0,21648828.0,1
2020-12-01,184.0,184.0,166.0,171.0,-2.84,138995.0,23801536.0,-1
2020-12-02,174.0,174.0,167.0,168.0,-1.75,73920.0,12551180.0,-1
2020-12-03,168.0,171.0,162.0,164.0,-2.38,61537.0,10224905.0,-1
2020-12-06,161.0,167.0,155.0,162.0,-1.22,113944.0,18658458.0,-1
2020-12-07,165.0,168.0,156.0,163.0,0.62,49943.0,8214031.0,1
2020-12-08,160.0,168.0,159.0,162.0,-0.61,54810.0,8897886.0,-1
2020-12-09,165.0,165.0,159.0,162.0,0.0,67182.0,10757201.0,0
2020-12-10,164.0,165.0,158.0,163.0,0.62,32731.0,5319778.0,1
2020-12-13,171.0,171.0,158.0,160.0,-1.84,55046.0,8815321.0,-1
2020-12-14,168.0,168.0,156.0,157.0,-1.88,51581.0,8160818.0,-1
2020-12-15,160.0,163.0,154.0,162.0,3.18,61186.0,9627127.0,1
2020-12-16,162.0,162.0,157.0,159.0,-1.85,41614.0,6670972.0,-1
2020-12-17,162.0,162.0,156.0,159.0,0.0,40080.0,6369673.0,0
2020-12-20,166.0,166.0,147.0,147.0,-7.55,37139.0,5693433.0,-1
2020-12-21,145.0,154.0,135.0,145.0,-1.36,40552.0,5799781.0,-1
2020-12-22,147.0,158.0,145.0,158.0,8.97,43921.0,6558495.0,1
2020-12-23,161.0,161.0,145.0,150.0,-5.06,39125.0,5814351.0,-1
2020-12-24,147.0,151.0,145.0,150.0,0.0,11585.0,1712484.0,0
2020-12-27,147.0,149.0,145.0,147.0,-2.0,4351.0,642332.0,-1
2020-12-28,145.0,154.0,144.0,148.0,0.68,13830.0,2053105.0,1
2020-12-29,148.0,149.0,145.0,148.0,0.0,9097.0,1332525.0,0
2020-12-30,146.0,150.0,142.0,148.0,0.0,16364.0,2387776.0,0
2020-12-31,147.0,150.0,143.0,147.0,-0.68,12575.0,1854042.0,-1
2021-01-03,149.0,151.0,143.0,148.0,0.68,20187.0,2992780.0,1
2021-01-04,146.0,150.0,146.0,147.0,-0.68,7773.0,1148205.0,-1
2021-01-05,146.0,161.0,145.0,155.0,5.44,72050.0,11083518.0,1
2021-01-06,158.0,165.0,156.0,158.0,1.94,80137.0,12777632.0,1
2021-01-07,156.0,159.0,154.0,159.0,0.63,84397.0,13317685.0,1
2021-01-10,156.0,156.0,153.0,155.0,-2.52,16621.0,2566956.0,-1
2021-01-11,154.0,158.0,154.0,156.0,0.65,10133.0,1581484.0,1
2021-01-12,158.0,161.0,153.0,157.0,0.64,6121.0,954922.0,1
2021-01-13,157.0,164.0,157.0,162.0,3.18,113353.0,18196052.0,1
2021-01-17,163.0,163.0,160.0,161.0,-0.62,26061.0,4208802.0,-1
2021-01-18,159.0,164.0,159.0,164.0,1.86,34160.0,5561701.0,1
2021-01-19,165.0,166.0,161.0,163.0,-0.61,31465.0,5120679.0,-1
2021-01-20,162.0,173.0,162.0,170.0,4.29,93729.0,15589941.0,1
2021-01-21,178.0,178.0,164.0,170.0,0.0,66265.0,11146932.0,0
2021-01-24,162.0,181.0,162.0,170.0,0.0,112509.0,19396513.0,0
2021-01-25,172.0,172.0,165.0,165.0,-2.94,52910.0,8890338.0,-1
2021-01-26,163.0,172.0,163.0,170.0,3.03,103842.0,17665181.0,1
2021-01-27,167.0,180.0,166.0,172.0,1.18,142569.0,24818923.0,1
2021-01-28,175.0,178.0,168.0,169.0,-1.74,61164.0,10532086.0,-1
2021-01-31,166.0,178.0,165.0,165.0,-2.37,56835.0,9669085.0,-1
2021-02-01,168.0,178.0,166.0,166.0,0.61,106282.0,18160431.0,1
2021-02-02,165.0,174.0,165.0,174.0,4.82,41349.0,7061499.0,1
2021-02-03,177.0,177.0,165.0,168.0,-3.45,169850.0,28863493.0,-1
2021-02-04,176.0,178.0,168.0,173.0,2.98,194109.0,33651951.0,1
2021-02-07,176.0,183.0,173.0,177.0,2.31,291670.0,51987596.0,1
2021-02-08,169.0,186.0,169.0,172.0,-2.82,291601.0,51064528.0,-1
2021-02-09,172.0,177.0,167.0,172.0,0.0,76721.0,13036197.0,0
2021-02-10,164.0,176.0,164.0,169.0,-1.74,52740.0,9039551.0,-1
2021-02-11,168.0,174.0,165.0,167.0,-1.18,90538.0,15129357.0,-1
2021-02-14,167.0,170.0,159.0,164.0,-1.8,110191.0,17850779.0,-1
2021-02-15,167.0,169.0,163.0,168.0,2.44,31394.0,5217114.0,1
2021-02-16,176.0,176.0,162.0,164.0,-2.38,54150.0,8862038.0,-1
2021-02-17,164.0,167.0,156.0,159.0,-3.05,117752.0,19032513.0,-1
2021-02-18,152.0,168.0,152.0,162.0,1.89,65917.0,10829841.0,1
2021-02-21,154.0,174.0,154.0,169.0,4.32,136726.0,23163472.0,1
2021-02-22,172.0,180.0,166.0,168.0,-0.59,212087.0,36397074.0,-1
2021-02-23,170.0,173.0,160.0,170.0,1.19,73017.0,12203312.0,1
2021-02-24,173.0,175.0,168.0,168.0,-1.18,120803.0,20790384.0,-1
2021-02-25,171.0,173.0,167.0,168.0,0.0,106908.0,18203127.0,0
2021-02-28,168.0,170.0,164.0,164.0,-2.38,49932.0,8265358.0,-1
2021-03-01,161.0,167.0,160.0,165.0,0.61,23617.0,3895992.0,1
2021-03-02,173.0,173.0,161.0,162.0,-1.82,94371.0,15450435.0,-1
2021-03-03,162.0,167.0,162.0,163.0,0.62,69965.0,11480652.0,1
2021-03-04,166.0,169.0,163.0,166.0,1.84,63684.0,10632457.0,1
2021-03-07,174.0,174.0,164.0,165.0,-0.6,21470.0,3540526.0,-1
2021-03-09,168.0,168.0,162.0,167.0,1.21,28719.0,4763876.0,1
2021-03-10,170.0,170.0,163.0,165.0,-1.2,16574.0,2729363.0,-1
2021-03-14,163.0,166.0,163.0,164.0,-0.61,26071.0,4296289.0,-1
2021-03-15,167.0,169.0,162.0,164.0,0.0,59168.0,9688125.0,0
2021-03-16,166.0,167.0,162.0,163.0,-0.61,35156.0,5751155.0,-1
2021-03-17,165.0,168.0,162.0,165.0,1.23,62871.0,10345049.0,1
2021-03-18,167.0,174.0,164.0,170.0,3.03,122705.0,20733757.0,1
2021-03-21,172.0,172.0,164.0,166.0,-2.35,48436.0,8014566.0,-1
2021-03-22,165.0,169.0,164.0,166.0,0.0,42141.0,7018945.0,0
2021-03-23,169.0,171.0,164.0,171.0,3.01,149586.0,25284599.0,1
2021-03-24,179.0,179.0,169.0,173.0,1.17,165876.0,28705188.0,1
2021-03-25,165.0,177.0,165.0,169.0,-2.31,137111.0,23212764.0,-1
2021-03-29,172.0,178.0,170.0,177.0,4.73,280186.0,49009377.0,1
2021-03-30,185.0,187.0,171.0,183.0,3.39,321519.0,58304155.0,1
2021-03-31,192.0,192.0,179.0,181.0,-1.09,118449.0,21764688.0,-1
2021-04-01,190.0,192.0,178.0,190.0,4.97,216284.0,40152801.0,1
2021-04-04,195.0,195.0,185.0,186.0,-2.11,123936.0,23342190.0,-1
2021-04-05,189.0,192.0,177.0,183.0,-1.61,69109.0,12687771.0,-1
2021-04-06,180.0,197.0,180.0,196.0,7.1,267328.0,51070203.0,1
2021-04-07,200.0,207.0,190.0,197.0,0.51,361893.0,71439699.0,1
2021-04-08,200.0,200.0,190.0,192.0,-2.54,123310.0,23796468.0,-1
2021-04-12,193.0,193.0,185.0,185.0,-3.65,81293.0,15224780.0,-1
2021-04-13,185.0,191.0,184.0,186.0,0.54,92314.0,17232157.0,1
2021-04-15,188.0,194.0,187.0,190.0,2.15,113768.0,21664321.0,1
2021-04-18,191.0,193.0,187.0,189.0,-0.53,98990.0,18812016.0,-1
2021-04-19,190.0,198.0,185.0,190.0,0.53,131484.0,25129082.0,1
2021-04-20,190.0,209.0,190.0,209.0,10.0,540683.0,109629996.0,1
2021-04-21,215.0,227.0,212.0,215.0,2.87,469589.0,102062900.0,1
2021-04-22,215.0,223.0,206.0,217.0,0.93,284496.0,61073353.0,1
2021-04-25,219.0,219.0,201.0,205.0,-5.53,236127.0,48857388.0,-1
2021-04-26,201.0,208.0,191.0,196.0,-4.39,148837.0,29728112.0,-1
2021-04-27,205.0,214.0,196.0,213.0,8.67,137865.0,28458138.0,1
2021-04-28,217.0,217.0,203.0,206.0,-3.29,80079.0,16673488.0,-1
2021-04-29,209.0,212.0,206.0,212.0,2.91,84556.0,17762813.0,1
2021-05-02,222.0,222.0,208.0,212.0,0.0,90842.0,19136754.0,0
2021-05-03,214.0,231.0,212.0,226.0,6.6,355856.0,77794678.0,1
2021-05-04,237.0,248.0,224.0,248.0,9.73,563993.0,136912393.0,1
2021-05-05,259.0,260.0,240.0,241.0,-2.82,383988.0,94971695.0,-1
2021-05-06,252.0,252.0,231.0,237.0,-1.66,427058.0,100828720.0,-1
2021-05-09,233.0,240.0,228.0,229.0,-3.38,172540.0,40033399.0,-1
2021-05-10,240.0,240.0,226.0,232.0,1.31,96083.0,22219431.0,1
2021-05-11,243.0,255.0,232.0,255.0,9.91,557413.0,138354915.0,1
2021-05-12,267.0,275.0,250.0,273.0,7.06,456373.0,122471059.0,1
2021-05-13,286.0,286.0,266.0,268.0,-1.83,471559.0,127880190.0,-1
2021-05-16,268.0,275.0,260.0,269.0,0.37,323910.0,86056474.0,1
2021-05-17,272.0,289.0,266.0,282.0,4.83,399297.0,110004618.0,1
2021-05-18,283.0,310.0,282.0,304.0,7.8,628860.0,188215305.0,1
2021-05-19,310.0,310.0,281.0,286.0,-5.92,429497.0,124398368.0,-1
2021-05-20,300.0,300.0,274.0,278.0,-2.8,285724.0,79371285.0,-1
2021-05-23,270.0,290.0,261.0,284.0,2.16,222254.0,62649692.0,1
2021-05-24,271.0,300.0,271.0,284.0,0.0,294009.0,84718093.0,0
2021-05-25,285.0,305.0,282.0,300.0,5.63,610392.0,180278167.0,1
2021-05-27,315.0,330.0,302.0,330.0,10.0,1091653.0,355458129.0,1
2021-05-30,345.0,363.0,341.0,350.0,6.06,1160147.0,413144678.0,1
2021-05-31,350.0,357.0,326.0,331.0,-5.43,721945.0,244280077.0,-1
2021-06-01,330.0,348.0,317.0,335.0,1.21,503625.0,165352754.0,1
2021-06-02,335.0,360.0,328.0,349.0,4.18,458042.0,157617174.0,1
2021-06-03,355.0,357.0,331.0,339.0,-2.87,239858.0,82457082.0,-1
2021-06-06,339.0,339.0,320.0,332.0,-2.06,369578.0,121810885.0,-1
2021-06-07,332.0,350.0,332.0,349.0,5.12,331584.0,114149768.0,1
2021-06-08,360.0,383.0,353.0,382.0,9.46,998008.0,373979058.0,1
2021-06-09,400.0,420.0,378.0,420.0,9.95,1150663.0,471406010.0,1
2021-06-10,430.0,448.0,414.0,424.0,0.95,403651.0,175084269.0,1
2021-06-13,405.0,457.0,405.0,450.0,6.13,795878.0,344335817.0,1
2021-06-14,460.0,466.0,422.0,430.0,-4.44,530289.0,232377899.0,-1
2021-06-15,435.0,438.0,408.0,412.0,-4.19,452712.0,189091366.0,-1
2021-06-16,405.0,420.0,371.0,386.0,-6.31,446270.0,175266584.0,-1
2021-06-17,380.0,408.0,362.0,396.0,2.59,256501.0,100191780.0,1
2021-06-20,377.0,413.0,370.0,381.0,-3.79,281037.0,108110603.0,-1
2021-06-21,400.0,400.0,356.0,356.0,-6.56,237009.0,87281700.0,-1
2021-06-22,360.0,391.0,351.0,391.0,9.83,249971.0,93917941.0,1
2021-06-23,400.0,410.0,372.0,376.0,-3.84,185679.0,71678991.0,-1
2021-06-24,369.0,390.0,368.0,372.0,-1.06,130360.0,49174420.0,-1
2021-06-27,375.0,389.0,368.0,369.0,-0.81,113618.0,42662461.0,-1
2021-06-28,376.0,376.0,358.0,361.0,-2.17,77953.0,28433700.0,-1
2021-06-29,354.0,368.0,344.0,344.0,-4.71,128294.0,45012220.0,-1
2021-06-30,344.0,356.0,330.0,350.0,1.74,206092.0,70222546.0,1
2021-07-01,357.0,372.0,354.0,360.0,2.86,109060.0,39596968.0,1
2021-07-04,365.0,367.0,352.0,354.0,-1.67,283957.0,101296685.0,-1
2021-07-05,351.0,358.0,343.0,345.0,-2.54,55622.0,19359961.0,-1
2021-07-06,346.0,351.0,336.0,341.0,-1.16,62269.0,21323830.0,-1
2021-07-07,337.0,347.0,336.0,338.0,-0.88,39332.0,13322548.0,-1
2021-07-08,335.0,346.0,332.0,343.0,1.48,99110.0,33544286.0,1
2021-07-11,349.0,376.0,343.0,372.0,8.45,125469.0,45355561.0,1
2021-07-12,380.0,385.0,352.0,361.0,-2.96,224103.0,82552851.0,-1
2021-07-13,360.0,370.0,353.0,367.0,1.66,116071.0,42288674.0,1
2021-07-14,370.0,388.0,362.0,382.0,4.09,156480.0,59154915.0,1
2021-07-15,390.0,412.0,383.0,403.0,5.5,362110.0,145581335.0,1
2021-07-18,411.0,420.0,388.0,412.0,2.23,381860.0,155600542.3,1
2021-07-19,416.0,418.0,403.8,407.0,-1.21,190403.0,78112651.0,-1
2021-07-20,408.0,423.0,402.0,413.0,1.47,224375.0,92898763.2,1
2021-07-22,417.0,420.0,410.0,412.0,-0.24,196723.0,81618926.7,-1
2021-07-25,415.0,447.0,415.0,444.5,7.89,780562.0,336678181.6,1
2021-07-26,453.3,460.0,435.0,436.0,-1.91,292079.0,129404466.0,-1
2021-07-27,436.0,479.6,434.2,479.6,10.0,773701.0,362440530.4,1
2021-07-28,489.1,523.0,485.0,486.0,1.33,775368.0,386147818.4,1
2021-07-29,486.0,495.0,470.0,490.0,0.82,524492.0,254315473.5,1
2021-08-01,490.0,525.0,490.0,513.0,4.69,686838.0,350039834.2,1
2021-08-02,523.2,524.0,495.1,497.9,-2.94,410487.0,208061361.9,-1
2021-08-03,497.0,520.0,490.0,509.0,2.23,359305.0,181786665.9,1
2021-08-04,519.0,536.0,510.0,516.0,1.38,520119.0,271089032.0,1
2021-08-05,520.0,525.0,483.0,490.0,-5.04,463082.0,231105166.6,-1
2021-08-08,495.0,518.0,483.0,509.0,3.88,455025.0,230785592.2,1
2021-08-09,519.1,557.0,509.0,556.0,9.23,854164.0,459057857.6,1
2021-08-10,567.0,574.0,530.0,534.0,-3.96,567205.0,308864604.6,-1
2021-08-11,535.0,559.9,534.0,549.0,2.81,392099.0,215253071.4,1
2021-08-12,555.0,555.0,532.0,532.0,-3.1,439166.0,237930036.4,-1
2021-08-15,522.0,540.0,499.0,522.0,-1.88,496137.0,258629206.7,-1
2021-08-16,522.0,557.9,513.0,545.0,4.41,449864.0,244774028.1,1
2021-08-17,555.0,590.0,554.0,575.0,5.5,496471.0,285346526.6,1
2021-08-18,586.5,622.0,577.0,593.0,3.13,560390.0,339963998.0,1
2021-08-19,593.0,599.0,558.0,562.0,-5.23,509888.0,292478626.8,-1
2021-08-24,550.8,550.8,511.0,511.0,-9.07,416105.0,220856494.7,-1
2021-08-25,511.0,551.0,495.0,521.0,1.96,339010.0,177130357.8,1
2021-08-26,531.4,559.0,525.0,545.0,4.61,304927.0,166413500.7,1
2021-08-29,555.0,570.0,522.0,531.0,-2.57,272493.0,147767969.5,-1
2021-08-31,536.0,548.0,512.0,530.0,-0.19,398768.0,211449369.1,-1
2021-09-01,525.0,580.0,525.0,562.0,6.04,540533.0,301423072.9,1
2021-09-02,573.0,585.0,539.0,545.0,-3.02,394685.0,222074882.6,-1
2021-09-05,555.9,555.9,495.0,512.0,-6.06,333183.0,171850569.6,-1
2021-09-06,506.0,563.2,505.0,563.2,10.0,305827.0,165358882.6,1
2021-09-07,574.0,617.0,545.0,607.0,7.78,1039601.0,619291692.5,1
2021-09-08,600.0,641.0,598.0,629.0,3.62,650858.0,405775461.2,1
2021-09-09,632.0,640.0,620.0,625.0,-0.64,498111.0,312478735.5,-1
2021-09-12,632.0,646.6,617.4,630.0,0.8,715522.0,451117229.8,1
2021-09-13,625.0,636.0,590.6,602.0,-4.44,784015.0,475774583.1,-1
2021-09-14,590.0,617.0,588.0,596.1,-0.98,371632.0,223432638.2,-1
2021-09-15,605.0,605.0,573.0,577.0,-3.2,218475.0,127677396.1,-1
2021-09-16,580.0,580.0,535.0,543.9,-5.74,418622.0,229853471.5,-1
2021-09-20,544.0,550.0,495.0,495.0,-8.99,343904.0,176668006.0,-1
2021-09-21,500.0,528.5,472.0,500.0,1.01,328067.0,164078105.9,1
2021-09-22,510.0,545.5,510.0,539.0,7.8,217691.0,115331358.7,1
2021-09-23,549.0,565.0,528.0,541.0,0.37,400402.0,217723277.6,1
2021-09-26,530.2,539.0,506.0,510.0,-5.73,277020.0,143801313.4,-1
2021-09-27,520.2,540.6,497.0,500.0,-1.96,264585.0,135188038.2,-1
2021-09-28,490.0,510.0,475.0,480.0,-4.0,217544.0,105645976.8,-1
2021-09-29,479.0,514.1,470.4,507.0,5.63,328651.0,160551654.5,1
2021-09-30,516.0,524.9,479.6,483.0,-4.73,130790.0,65135653.8,-1
2021-10-03,483.0,489.0,444.1,445.0,-7.87,220441.0,103061656.3,-1
2021-10-04,445.0,459.0,418.0,425.0,-4.49,278708.0,121216774.7,-1
2021-10-05,430.0,450.0,422.0,442.0,4.0,94885.0,41557655.8,1
2021-10-06,443.0,463.5,442.1,457.0,3.39,107778.0,49033407.2,1
2021-10-10,457.0,463.0,434.0,438.0,-4.16,84817.0,37602869.7,-1
2021-10-11,435.0,438.0,416.0,424.0,-3.2,84053.0,35474377.5,-1
2021-10-17,432.4,432.4,415.0,422.9,-0.26,22091.0,9252552.0,-1
2021-10-18,431.3,431.3,390.0,390.4,-7.69,111508.0,44374634.9,-1
2021-10-19,390.0,390.0,353.0,364.0,-6.76,166921.0,60885026.0,-1
2021-10-20,371.0,398.8,367.0,398.8,9.56,112440.0,43275964.0,1
2021-10-21,406.0,430.0,380.0,410.0,2.81,186815.0,75405592.7,1
2021-10-24,418.2,447.0,401.8,445.0,8.54,191790.0,82271630.1,1
2021-10-25,453.0,464.9,431.0,464.0,4.27,226918.0,103188478.3,1
2021-10-26,473.2,492.0,461.0,472.0,1.72,222182.0,106258341.3,1
2021-10-27,472.0,498.0,453.9,475.0,0.64,278536.0,132020380.3,1
2021-10-28,466.0,515.0,460.0,507.0,6.74,347112.0,169988197.6,1
2021-10-31,510.0,544.6,505.0,530.1,4.56,218451.0,114901041.8,1
2021-11-01,538.0,540.0,507.0,508.0,-4.17,298018.0,154713001.7,-1
2021-11-02,497.9,518.0,497.0,514.7,1.32,191856.0,97603240.8,1
2021-11-03,524.9,530.4,491.1,498.0,-3.24,275791.0,139494194.0,-1
2021-11-08,507.0,510.0,475.0,480.0,-3.61,288330.0,140840425.5,-1
2021-11-09,480.0,489.6,446.0,457.0,-4.79,350335.0,162084004.7,-1
2021-11-11,447.9,475.0,432.1,450.0,-1.53,193247.0,88544836.0,-1
2021-11-14,459.0,472.0,448.0,464.0,3.11,144434.0,67135549.6,1
2021-11-15,473.2,489.0,473.0,479.9,3.43,194177.0,93028387.8,1
2021-11-16,480.0,499.9,461.0,492.0,2.52,224820.0,109665386.4,1
2021-11-17,485.0,509.9,475.0,479.0,-2.64,240172.0,118702348.8,-1
2021-11-18,469.5,489.9,465.0,474.9,-0.86,163419.0,77971508.1,-1
2021-11-21,465.5,483.0,465.5,474.7,-0.04,85228.0,40496434.3,-1
2021-11-22,479.5,484.0,467.0,470.0,-0.99,88029.0,41832015.1,-1
2021-11-23,471.0,474.0,451.0,455.0,-3.19,135161.0,62017874.8,-1
2021-11-24,455.1,471.9,445.0,464.0,1.98,101131.0,46099489.5,1
2021-11-25,473.0,473.0,455.0,457.0,-1.51,43093.0,19895733.8,-1
2021-11-28,457.0,459.0,432.5,436.4,-4.51,143487.0,63256133.5,-1
2021-11-29,445.0,452.0,425.0,439.0,0.6,107637.0,46910676.5,1
2021-11-30,439.0,445.0,428.1,440.0,0.23,53693.0,23388979.7,1
2021-12-01,448.0,448.0,435.1,440.0,0.0,68212.0,30099940.2,0
2021-12-02,448.8,448.8,421.5,425.0,-3.41,77702.0,33199194.8,-1
2021-12-05,425.0,425.0,398.0,399.0,-6.12,109015.0,44592367.8,-1
2021-12-06,406.9,426.0,380.0,412.5,3.38,171425.0,68639555.3,1
2021-12-07,419.0,426.0,397.0,398.0,-3.52,94048.0,38545429.7,-1
2021-12-08,401.0,405.0,378.0,381.0,-4.27,77013.0,29825302.9,-1
2021-12-09,376.0,394.0,373.0,377.2,-1.0,101340.0,38534740.2,-1
2021-12-12,378.0,378.0,353.0,354.0,-6.15,124333.0,45424804.6,-1
2021-12-13,350.0,350.0,321.5,323.4,-8.64,145969.0,48647314.3,-1
2021-12-14,329.8,355.7,325.0,355.7,9.99,99604.0,34091370.6,1
2021-12-15,362.8,382.9,349.0,358.0,0.65,182319.0,67359803.2,1
2021-12-16,364.0,364.0,342.0,343.9,-3.94,110149.0,38675462.0,-1
2021-12-20,350.7,350.7,331.0,335.0,-2.59,72936.0,24666109.9,-1
2021-12-21,341.7,353.9,334.0,352.0,5.07,120625.0,41547479.7,1
2021-12-22,359.0,383.0,354.0,382.0,8.52,193803.0,72375788.8,1
2021-12-23,385.0,394.0,369.0,377.0,-1.31,115759.0,44362952.8,-1
2021-12-26,384.5,388.8,371.0,377.0,0.0,99909.0,37729207.0,0
2021-12-27,377.0,388.0,357.0,357.0,-5.31,109574.0,40654619.6,-1
2021-12-28,364.0,365.0,344.0,359.9,0.81,87848.0,31225901.5,1
2021-12-29,360.0,365.0,355.0,358.0,-0.53,33245.0,11981790.5,-1
2022-01-02,361.0,362.7,350.0,359.0,0.28,60330.0,21536730.0,1
2022-01-03,366.1,373.0,357.0,360.6,0.45,73400.0,26811275.0,1
2022-01-04,360.0,372.0,358.1,372.0,3.16,60906.0,22390990.1,1
2022-01-05,372.0,393.0,372.0,378.0,1.61,191095.0,73528115.4,1
2022-01-06,378.0,392.6,375.0,392.0,3.7,87527.0,33709989.9,1
2022-01-09,399.8,420.2,398.0,420.0,7.14,229327.0,94854187.0,1
2022-01-10,427.0,431.0,406.0,417.0,-0.71,170824.0,71439593.5,-1
2022-01-11,410.0,428.0,410.0,419.9,0.7,148399.0,62256920.0,1
2022-01-12,419.0,430.0,404.8,407.0,-3.07,196619.0,82122986.4,-1
2022-01-13,415.1,432.0,402.0,425.1,4.45,168833.0,71151069.2,1
2022-01-16,433.0,450.0,433.0,437.0,2.8,192524.0,85435587.4,1
2022-01-17,445.7,452.0,430.0,444.0,1.6,177636.0,78393498.3,1
2022-01-18,450.0,474.0,438.1,449.0,1.13,291022.0,132254959.7,1
2022-01-19,449.0,459.0,438.2,442.0,-1.56,173818.0,77299060.1,-1
2022-01-20,450.0,457.9,436.0,457.0,3.39,139549.0,62875395.6,1
2022-01-23,459.0,470.0,443.0,446.3,-2.34,145034.0,65953469.1,-1
2022-01-24,455.2,455.2,414.0,420.0,-5.89,245742.0,105167768.3,-1
2022-01-25,428.4,434.0,412.0,417.9,-0.5,128508.0,54093624.9,-1
2022-01-26,415.0,418.0,404.0,409.0,-2.13,130714.0,53527356.9,-1
2022-01-27,406.0,417.0,404.0,407.0,-0.49,79715.0,32533733.6,-1
2022-01-30,415.1,438.6,415.1,438.6,7.76,161217.0,69665104.6,1
2022-01-31,445.0,447.0,423.0,426.0,-2.87,100298.0,43169109.2,-1
2022-02-01,431.5,446.0,421.0,442.0,3.76,185255.0,81067562.0,1
2022-02-03,446.7,456.0,435.0,437.0,-1.13,213694.0,95841647.5,-1
2022-02-06,445.7,445.7,423.7,424.0,-2.97,103168.0,44272498.0,-1
2022-02-07,424.0,439.9,418.0,433.5,2.24,92484.0,39891539.6,1
2022-02-08,442.0,456.0,422.0,423.0,-2.42,149060.0,64590984.7,-1
2022-02-09,423.0,430.0,414.0,419.0,-0.95,64623.0,27057171.7,-1
2022-02-10,425.0,433.0,412.2,415.0,-0.95,53082.0,22172433.4,-1
2022-02-13,407.7,408.0,390.0,392.0,-5.54,160653.0,63847025.5,-1
2022-02-14,390.0,405.7,389.0,395.0,0.77,81647.0,32406975.6,1
2022-02-15,401.0,418.5,393.3,418.0,5.82,88825.0,35895912.7,1
2022-02-16,418.0,421.0,401.1,403.0,-3.59,73646.0,30219094.1,-1
2022-02-17,403.0,409.0,395.0,399.0,-0.99,53919.0,21633387.8,-1
2022-02-20,391.1,404.0,383.3,392.0,-1.75,103480.0,41002697.1,-1
2022-02-21,399.6,410.0,391.5,408.0,4.08,77108.0,31050158.5,1
2022-02-22,416.0,416.0,406.0,408.0,0.0,67617.0,27825360.1,-1
2022-02-23,410.0,428.0,407.0,418.0,2.45,147549.0,62024932.7,1
2022-02-24,418.0,418.0,399.0,399.0,-4.55,112938.0,45854533.7,-1
2022-02-27,399.0,418.9,398.0,405.0,1.5,79363.0,32259970.4,1
2022-02-28,413.0,419.9,390.0,390.0,-3.7,114717.0,45844056.8,-1
2022-03-02,389.0,390.0,368.0,371.0,-4.87,84717.0,31788150.2,-1
2022-03-06,371.0,378.4,363.0,365.0,-1.62,51698.0,19091881.8,-1
2022-03-07,370.0,372.0,360.0,361.5,-0.96,48284.0,17675670.8,-1
2022-03-09,361.0,370.0,345.0,350.0,-3.18,48039.0,16918181.0,-1
2022-03-10,348.0,378.9,348.0,375.0,7.14,83194.0,30124143.8,1
2022-03-13,375.0,391.9,375.0,386.9,3.17,75831.0,29252527.1,1
2022-03-14,387.0,393.0,377.0,387.0,0.03,23804.0,9135871.7,0
2022-03-15,393.0,393.0,374.0,377.0,-2.58,72324.0,27304169.3,-1
2022-03-16,372.0,382.0,366.1,369.5,-1.99,64558.0,23860005.4,-1
2022-03-20,370.0,375.0,362.1,362.6,-1.87,24978.0,9179175.4,-1
2022-03-21,369.8,379.0,360.0,379.0,4.52,57312.0,21238251.8,1
2022-03-22,379.0,384.0,372.0,372.0,-1.85,33058.0,12491862.8,-1
2022-03-23,368.0,375.0,365.0,370.0,-0.54,31355.0,11521024.6,1
2022-03-24,363.7,369.9,360.0,363.0,-1.89,45894.0,16725966.4,-1
2022-03-27,360.0,366.0,346.0,346.0,-4.68,81377.0,28672076.9,-1
2022-03-28,345.0,352.0,338.0,340.0,-1.73,64272.0,22081414.7,-1
2022-03-29,341.0,347.0,333.0,337.0,-0.88,38785.0,13074865.2,-1
2022-03-30,333.0,351.0,333.0,350.9,4.12,41663.0,14325045.3,1
2022-03-31,350.0,353.0,335.0,335.0,-4.53,30583.0,10429445.9,-1
2022-04-03,341.6,341.6,328.3,330.0,-1.49,40727.0,13515769.8,-1
2022-04-04,326.1,335.9,325.7,326.0,-1.21,27122.0,8948571.4,-1
2022-04-05,332.0,332.0,311.0,317.0,-2.76,69294.0,21963772.0,-1
2022-04-06,311.1,322.9,305.0,314.0,-0.95,28175.0,8844858.8,1
2022-04-07,320.0,324.0,314.0,319.0,1.59,33923.0,10853061.9,-1
2022-04-11,325.3,331.8,307.0,310.0,-2.82,34452.0,10915257.4,-1
2022-04-12,310.0,313.9,302.0,306.0,-1.29,49663.0,15272887.2,-1
2022-04-13,312.0,314.0,299.0,312.0,1.96,43541.0,13332309.5,0
2022-04-17,318.0,318.0,300.9,304.9,-2.28,24842.0,7650726.5,-1
2022-04-18,306.0,306.0,290.0,295.0,-3.25,52595.0,15440070.6,-1
2022-04-19,295.0,304.9,284.3,296.0,0.34,28988.0,8492878.8,1
2022-04-20,290.5,300.0,280.0,280.0,-5.41,55312.0,16094534.6,-1
2022-04-21,281.0,285.0,271.0,282.9,1.04,22027.0,6082206.5,1
2022-04-24,283.0,311.1,283.0,311.0,9.93,65971.0,19952836.6,1
2022-04-25,305.0,318.9,302.0,306.0,-1.61,54957.0,17013121.2,1
2022-04-26,307.0,309.9,289.0,298.0,-2.61,32379.0,9600894.7,-1
2022-04-27,298.0,300.0,291.0,298.0,0.0,27387.0,8134314.5,0
2022-04-28,301.0,305.0,289.1,292.6,-1.81,28921.0,8610811.9,-1
2022-05-02,287.0,290.0,274.0,280.0,-4.31,41599.0,11624967.6,-1
2022-05-04,277.0,285.0,269.5,272.8,-2.57,58211.0,15886018.4,-1
2022-05-05,267.5,278.0,258.0,258.0,-5.43,42602.0,11254663.0,-1
2022-05-08,256.0,270.0,250.0,268.2,3.95,41988.0,10790395.8,1
2022-05-09,270.5,287.0,260.0,273.0,1.79,37602.0,10237596.6,1
2022-05-10,273.0,295.0,273.0,289.0,5.86,45647.0,12982094.5,1
2022-05-11,294.0,311.0,290.0,309.8,7.2,119061.0,35803608.6,1
2022-05-12,311.0,315.0,295.2,298.9,-3.52,64705.0,19706127.5,-1
2022-05-17,293.0,296.0,277.0,280.0,-6.32,42271.0,12037163.0,-1
2022-05-18,276.0,300.0,267.0,290.0,3.57,43391.0,12270431.0,1
2022-05-19,288.0,297.8,279.3,280.0,-3.45,39252.0,11188713.8,-1
2022-05-20,280.0,293.0,278.0,283.0,1.07,44023.0,12573783.3,1
2022-05-23,277.4,280.0,266.1,275.0,-2.83,27914.0,7631512.5,-1
2022-05-24,280.0,286.4,273.0,279.0,1.45,23759.0,6681559.5,-1
2022-05-25,280.0,290.0,274.8,275.0,-1.43,33879.0,9553056.4,-1
2022-05-26,275.0,285.0,272.0,277.5,0.91,36954.0,10217267.5,1
2022-05-27,283.0,283.0,268.7,269.0,-3.06,29229.0,7933823.7,-1
2022-05-30,272.0,272.0,260.1,264.9,-1.52,56487.0,14905983.3,-1
2022-05-31,260.8,268.0,255.0,260.0,-1.85,53350.0,13875979.3,-1
2022-06-01,264.0,268.9,255.0,261.0,0.38,26841.0,6956166.8,-1
2022-06-02,266.0,266.2,254.8,258.0,-1.15,23014.0,5974044.9,-1
2022-06-03,254.0,259.0,253.0,258.9,0.35,24937.0,6372678.3,1
2022-06-06,260.0,267.0,256.1,260.0,0.42,15965.0,4164324.4,0
2022-06-07,260.0,264.9,247.1,247.1,-4.96,25967.0,6569614.1,-1
2022-06-08,252.0,265.0,248.0,259.0,4.82,65836.0,17003651.7,1
2022-06-09,264.0,267.0,253.1,255.0,-1.54,28664.0,7418348.2,-1
2022-06-10,250.1,260.1,249.0,251.8,-1.25,40071.0,10168706.1,1
2022-06-13,256.8,258.0,250.0,250.1,-0.68,13469.0,3399091.8,-1
2022-06-14,247.1,250.0,238.0,240.0,-4.04,33244.0,8062399.2,-1
2022-06-15,240.0,240.0,231.0,234.0,-2.5,45067.0,10526004.7,-1
2022-06-16,234.0,243.9,232.0,235.4,0.6,29065.0,6927291.4,1
2022-06-17,235.0,240.0,230.3,231.0,-1.87,19896.0,4613944.4,-1
2022-06-19,227.0,228.0,216.1,219.0,-5.19,37964.0,8436151.2,-1
2022-06-20,215.0,223.0,207.1,208.0,-5.02,47388.0,9966898.8,-1
2022-06-21,207.0,222.0,207.0,218.0,4.81,35256.0,7605637.8,1
2022-06-22,214.0,222.3,209.1,212.0,-2.75,29347.0,6263874.8,-1
2022-06-23,208.0,212.0,197.2,200.0,-5.66,64142.0,12944322.3,-1
2022-06-24,204.0,214.7,192.1,209.8,4.9,30264.0,6183177.4,1
2022-06-26,213.9,229.5,210.0,225.4,7.44,54052.0,11934783.9,1
2022-06-27,229.0,230.9,214.0,216.2,-4.08,60840.0,13584636.3,-1
2022-06-28,212.0,220.0,208.0,210.0,-2.87,30192.0,6424442.3,-1
2022-06-29,207.2,226.9,207.0,226.9,8.05,55593.0,12181503.1,1
2022-06-30,231.0,239.0,223.5,237.5,4.67,85611.0,20029269.2,1
2022-07-01,242.0,242.2,228.7,231.0,-2.74,37373.0,8803234.7,-1
2022-07-03,232.0,248.0,227.0,243.0,5.19,61606.0,14621137.4,1
2022-07-04,243.0,262.1,236.0,242.0,-0.41,136206.0,34154544.5,-1
2022-07-05,242.0,250.0,230.3,230.3,-4.83,95906.0,22886016.4,-1
2022-07-06,234.0,244.0,227.0,240.0,4.21,71864.0,16816738.9,1
2022-07-07,244.8,250.0,234.0,237.9,-0.87,56069.0,13494810.3,-1
2022-07-08,242.0,242.0,226.5,227.5,-4.37,32596.0,7505437.1,-1
2022-07-11,223.0,226.0,211.0,212.0,-6.81,58091.0,12557388.4,-1
2022-07-12,212.0,220.5,210.0,216.0,1.89,40476.0,8671052.8,1
2022-07-13,216.1,234.0,214.0,233.0,7.87,41791.0,9419596.1,1
2022-07-14,237.0,240.0,225.0,236.0,1.29,49075.0,11402721.4,-1
2022-07-15,233.0,236.0,225.0,227.4,-3.64,11070.0,2544783.0,-1
2022-07-17,226.0,238.0,226.0,233.0,2.46,33018.0,7630194.2,1
2022-07-18,228.4,237.5,228.4,236.0,1.29,25931.0,6037942.1,1
2022-07-19,240.7,242.0,235.0,239.0,1.27,54198.0,12906255.7,-1
2022-07-20,234.3,241.0,233.1,234.2,-2.01,30989.0,7385550.4,-1
2022-07-21,238.8,242.0,232.0,232.8,-0.6,40901.0,9629424.9,-1
2022-07-22,229.0,234.0,224.0,225.0,-3.35,42326.0,9651539.1,-1
2022-07-24,229.0,238.0,225.0,238.0,5.78,33982.0,7876225.0,1
2022-07-25,242.0,261.8,240.1,261.8,10.0,212260.0,54219927.9,1
2022-07-26,266.0,283.5,253.1,278.0,6.19,299474.0,80834127.9,1
2022-07-27,283.5,305.8,267.1,305.8,10.0,254295.0,73874238.3,1
2022-07-28,306.0,326.9,296.0,311.0,1.7,253934.0,78857653.2,1
2022-07-29,313.0,323.9,305.0,312.0,0.32,158019.0,49224879.3,-1
2022-07-31,310.0,316.0,301.1,308.0,-1.28,155925.0,48037191.5,-1
2022-08-01,309.0,326.1,305.0,316.0,2.6,206748.0,65563363.8,1
2022-08-02,316.0,322.0,309.7,314.0,-0.63,124585.0,39276418.5,-1
2022-08-03,320.0,332.0,314.0,330.0,5.1,202471.0,65959851.4,1
2022-08-04,328.0,334.0,313.6,315.0,-4.55,223285.0,72246300.2,-1
2022-08-05,311.0,326.0,308.1,313.0,-0.63,102112.0,32081096.7,1
2022-08-07,319.0,325.0,314.1,319.0,1.92,77275.0,24500495.5,0
2022-08-08,322.0,322.0,305.0,309.1,-3.1,92834.0,29076992.8,-1
2022-08-09,306.0,311.9,294.0,299.0,-3.27,119446.0,36246984.3,-1
2022-08-10,296.1,303.5,293.1,294.0,-1.67,82657.0,24560551.4,-1
2022-08-11,297.0,299.8,286.0,289.9,-1.39,79385.0,23178197.8,-1
2022-08-14,285.1,294.0,277.1,279.0,-3.76,106320.0,29946099.9,-1
2022-08-15,284.5,304.8,277.0,304.0,8.96,95387.0,28149397.6,1
2022-08-16,310.0,313.9,290.0,293.0,-3.62,107026.0,32206800.6,-1
2022-08-17,294.0,300.0,290.0,290.0,-1.02,50965.0,15055561.5,-1
2022-08-18,295.8,300.0,290.0,297.2,2.48,77482.0,22960448.5,1
2022-08-21,303.1,303.1,288.4,291.3,-1.99,74027.0,21888831.3,-1
2022-08-22,297.1,299.0,285.4,291.0,-0.1,34577.0,10033866.5,-1
2022-08-23,296.8,298.0,289.1,292.0,0.34,49751.0,14675669.5,-1
2022-08-24,297.8,297.8,290.0,292.0,0.0,24819.0,7277298.6,-1
2022-08-25,297.0,297.0,285.0,290.0,-0.68,46978.0,13560701.8,-1
2022-08-26,285.0,285.3,280.0,283.0,-2.41,26389.0,7448183.9,-1
2022-08-28,279.0,281.5,270.5,270.5,-4.42,64223.0,17657392.4,-1
2022-08-29,273.0,280.1,265.1,280.0,3.51,61642.0,16883362.1,1
2022-08-30,285.0,287.9,274.4,274.4,-2.0,34720.0,9754513.4,-1
2022-08-31,278.0,279.8,266.6,268.0,-2.33,19918.0,5399553.2,-1
2022-09-01,265.5,273.0,263.0,269.9,0.71,39612.0,10599765.8,1
2022-09-02,275.0,275.0,266.0,270.0,0.04,13323.0,3579019.0,-1
2022-09-04,274.9,277.0,267.0,270.0,0.0,37169.0,10056063.4,-1
2022-09-05,275.0,275.0,266.0,266.0,-1.48,15524.0,4159737.5,-1
2022-09-06,265.0,267.0,260.0,261.0,-1.88,20974.0,5497261.8,-1
2022-09-07,256.0,260.0,252.0,259.0,-0.77,23292.0,5950925.7,1
2022-09-08,255.0,267.0,251.0,261.0,0.77,88990.0,22757845.5,1
2022-09-11,261.0,263.0,251.1,257.0,-1.53,24250.0,6201217.1,-1
2022-09-12,252.1,256.0,246.0,250.0,-2.72,45426.0,11372574.0,-1
2022-09-13,254.9,261.1,252.0,256.0,2.4,37782.0,9707909.9,1
2022-09-14,261.0,278.0,261.0,276.0,7.81,79970.0,21565423.5,1
2022-09-15,276.0,279.0,258.0,260.0,-5.8,104111.0,27671545.1,-1
2022-09-16,254.8,256.0,249.5,255.0,-1.92,25128.0,6340166.6,1
2022-09-18,252.0,255.0,242.1,243.5,-4.51,39182.0,9646969.6,-1
2022-09-20,239.5,243.0,230.0,233.0,-4.31,53610.0,12562946.1,-1
2022-09-21,237.0,243.9,231.0,235.0,0.86,26020.0,6119330.7,-1
2022-09-22,239.0,239.0,229.0,230.0,-2.13,21737.0,5012359.4,-1
2022-09-25,226.0,227.0,220.9,224.4,-2.43,21166.0,4716975.0,-1
2022-09-27,227.0,235.5,224.0,230.0,2.5,22610.0,5176363.5,1
2022-09-28,230.0,231.0,226.0,228.9,-0.48,7103.0,1616648.4,-1
2022-09-29,233.4,233.4,220.5,221.0,-3.45,20394.0,4531833.4,-1
2022-10-09,225.4,232.0,222.0,231.0,4.52,14677.0,3339772.8,1
2022-10-10,234.5,238.0,226.0,227.0,-1.73,26580.0,6125433.2,-1
2022-10-11,225.0,227.0,223.2,226.9,-0.04,7321.0,1650538.0,1
2022-10-12,223.1,232.0,222.0,229.0,0.93,35828.0,8136303.3,1
2022-10-13,233.0,234.0,219.6,228.9,-0.04,30164.0,6808456.7,-1
2022-10-16,225.0,228.0,220.1,223.9,-2.18,18258.0,4065782.8,-1
2022-10-17,220.0,227.0,218.0,221.0,-1.3,12432.0,2739074.7,1
2022-10-19,217.0,217.1,210.0,212.0,-4.07,21217.0,4506578.6,-1
2022-10-20,208.0,215.0,207.8,212.0,0.0,13500.0,2840650.3,1
2022-10-23,215.0,220.3,210.0,214.0,0.94,23420.0,4975485.3,-1
2022-10-31,216.0,216.0,208.1,212.9,-0.51,11253.0,2363258.6,-1
2022-11-01,210.0,229.0,209.0,229.0,7.56,40087.0,8914990.2,1
2022-11-02,232.0,241.7,225.7,238.0,3.93,63044.0,14893302.7,1
2022-11-03,238.0,242.0,229.5,231.4,-2.77,29213.0,6848662.4,-1
2022-11-06,236.0,245.0,231.0,243.0,5.01,45312.0,10852986.1,1
2022-11-07,247.8,258.0,241.0,250.0,2.88,61141.0,15239128.0,1
2022-11-08,246.0,255.0,245.1,247.9,-0.84,22525.0,5643193.5,1
2022-11-09,251.5,251.5,232.2,234.0,-5.61,89690.0,21566029.7,-1
2022-11-10,237.0,238.6,225.5,227.0,-2.99,143635.0,33466130.8,-1
2022-11-13,225.0,228.0,217.0,219.9,-3.13,35717.0,7890517.5,-1
2022-11-14,217.0,230.0,217.0,229.4,4.32,16153.0,3659686.5,1
2022-11-15,227.0,238.0,221.6,222.0,-3.23,58571.0,13378385.9,-1
2022-11-16,222.0,233.0,221.0,231.0,4.05,25571.0,5852335.0,1
2022-11-17,235.0,244.6,234.3,242.0,4.76,58865.0,14151524.3,1
2022-11-22,242.0,249.0,235.0,237.5,-1.86,29178.0,7022628.8,-1
2022-11-23,233.0,240.9,230.0,231.6,-2.48,18330.0,4255082.5,-1
2022-11-24,230.0,240.0,230.0,238.5,2.98,28713.0,6749522.8,1
2022-11-27,240.0,245.0,238.0,243.5,2.1,33534.0,8119562.7,1
2022-11-28,247.0,247.0,236.0,239.0,-1.85,41688.0,10112392.4,-1
2022-11-29,235.0,242.0,234.3,242.0,1.26,24193.0,5779314.5,1
2022-11-30,241.0,242.0,235.0,235.0,-2.89,15578.0,3702497.6,-1
2022-12-01,235.0,243.6,232.7,236.0,0.43,18363.0,4337596.1,1
2022-12-04,238.0,240.5,235.5,236.0,0.0,23550.0,5597521.3,-1
2022-12-05,233.3,237.0,230.0,230.9,-2.16,24252.0,5618919.5,-1
2022-12-06,227.0,234.0,227.0,230.6,-0.13,17407.0,4024712.4,1
2022-12-07,235.2,235.2,226.0,229.5,-0.48,20908.0,4759660.6,-1
2022-12-11,225.5,227.0,220.0,220.0,-4.14,49757.0,11062106.1,-1
2022-12-12,222.0,232.0,219.2,227.0,3.18,81904.0,18257745.9,1
2022-12-13,223.1,229.0,223.0,225.5,-0.66,9736.0,2200828.0,1
2022-12-14,224.0,227.0,224.0,225.8,0.13,11622.0,2618213.1,1
2022-12-15,225.0,225.0,220.0,221.7,-1.82,30949.0,6858834.1,-1
2022-12-18,223.0,223.0,212.0,216.0,-2.57,52943.0,11394605.8,-1
2022-12-19,218.0,219.0,213.0,216.5,0.23,13284.0,2866053.5,-1
2022-12-20,216.5,221.0,215.0,217.0,0.23,47473.0,10339733.8,1
2022-12-21,220.0,220.0,213.3,214.0,-1.38,8332.0,1787490.4,-1
2022-12-22,217.9,217.9,211.4,213.7,-0.14,14367.0,3058858.8,-1
2022-12-26,217.1,228.0,217.1,228.0,6.69,52429.0,11729084.8,1
2022-12-27,232.5,249.9,232.5,241.0,5.7,99869.0,23721376.1,1
2022-12-28,241.0,246.0,232.0,234.7,-2.61,64694.0,15397161.2,-1
2022-12-29,232.7,248.8,229.2,247.8,5.58,80191.0,19342320.3,1
2023-01-01,248.0,258.0,242.0,248.8,0.4,139146.0,34808661.1,1
2023-01-02,248.0,258.0,243.1,257.0,3.3,108969.0,27647044.0,1
2023-01-03,261.9,261.9,253.0,253.0,-1.56,61272.0,15706889.3,-1
2023-01-04,249.1,263.0,249.1,262.0,3.56,80645.0,20898986.5,1
2023-01-05,267.2,268.9,257.0,264.5,0.95,130223.0,34169454.2,-1
2023-01-08,265.0,277.0,260.0,268.0,1.32,140299.0,37908007.7,1
2023-01-09,273.0,285.0,266.2,284.0,5.97,138956.0,38664907.4,1
2023-01-10,288.0,301.0,269.0,279.9,-1.44,198088.0,57143648.1,-1
2023-01-12,285.4,296.0,269.0,271.0,-3.18,195122.0,54894914.8,-1
2023-01-17,276.4,289.9,274.5,288.0,6.27,160231.0,45354852.8,1
2023-01-18,290.0,299.0,284.0,285.3,-0.94,191708.0,56053422.7,-1
2023-01-19,289.0,294.0,281.0,288.1,0.98,77485.0,22443411.6,-1
2023-01-23,293.8,299.0,278.0,279.0,-3.16,73518.0,20936455.2,-1
2023-01-24,279.0,284.0,272.0,284.0,1.79,56900.0,15759504.2,1
2023-01-25,288.9,289.0,281.0,281.0,-1.06,82847.0,23648708.8,-1
2023-01-26,286.6,290.5,281.0,284.3,1.17,104044.0,29937607.2,-1
2023-01-29,280.0,285.0,277.0,280.0,-1.51,89657.0,25163126.4,0
2023-01-30,280.0,283.0,269.0,270.0,-3.57,91382.0,25018957.0,-1
2023-01-31,275.0,279.4,266.2,269.0,-0.37,68380.0,18533434.5,-1
2023-02-01,265.0,275.3,265.0,270.0,0.37,40055.0,10840607.1,1
2023-02-02,265.1,274.0,261.7,264.0,-2.22,77339.0,20637872.2,-1
2023-02-05,259.0,270.0,259.0,265.0,0.38,36970.0,9845921.5,1
2023-02-06,270.0,271.0,266.0,269.0,1.51,33688.0,9070754.2,-1
2023-02-07,267.0,288.0,267.0,287.0,6.69,109086.0,30597919.2,1
2023-02-08,292.7,292.7,280.0,284.0,-1.05,122118.0,35089609.7,-1
2023-02-09,283.0,289.0,280.2,286.6,0.92,58927.0,16765593.9,1
2023-02-12,280.9,280.9,270.0,271.1,-5.41,105712.0,29080511.4,-1
2023-02-14,270.0,276.9,268.8,272.0,0.33,33957.0,9197604.6,1
2023-02-15,269.0,276.5,265.3,267.9,-1.51,37087.0,9984314.6,-1
2023-02-16,267.0,271.0,262.0,262.0,-2.2,35455.0,9395975.1,-1
2023-02-20,257.4,267.1,257.2,258.0,-1.53,28880.0,7502410.4,1
2023-02-22,262.9,275.0,262.9,272.1,5.47,44159.0,11952913.0,1
2023-02-23,270.0,272.0,255.0,264.0,-2.98,56234.0,14894833.6,-1
2023-02-26,258.8,271.0,246.0,265.0,0.38,74705.0,19228400.3,1
2023-02-27,270.3,270.3,252.0,263.0,-0.75,41075.0,10689864.9,-1
2023-02-28,267.9,276.0,261.8,274.5,4.37,85723.0,23298294.3,1
2023-03-01,278.0,278.0,267.0,269.0,-2.0,38786.0,10543153.1,-1
2023-03-02,265.0,270.0,262.0,270.0,0.37,35897.0,9548517.0,1
2023-03-05,269.0,269.0,259.6,268.0,-0.74,33906.0,8873106.5,-1
2023-03-07,263.1,270.0,263.1,267.8,-0.07,26945.0,7211224.2,1
2023-03-09,271.0,278.0,269.4,277.5,3.62,72167.0,19786999.0,1
2023-03-12,279.0,286.0,273.1,274.0,-1.26,84466.0,23601288.2,-1
2023-03-13,278.9,278.9,268.1,268.4,-2.04,39477.0,10680619.1,-1
2023-03-14,273.7,274.4,263.1,271.0,0.97,22401.0,6062005.4,-1
2023-03-15,276.0,276.0,268.0,270.3,-0.26,27159.0,7345891.1,-1
2023-03-16,266.1,275.0,266.1,273.6,1.22,21315.0,5811058.6,1
2023-03-19,277.7,277.7,271.0,273.0,-0.22,22208.0,6061679.7,-1
2023-03-20,278.4,278.4,271.5,277.6,1.68,25365.0,6980677.7,-1
2023-03-22,277.0,281.7,271.0,271.0,-2.38,69780.0,19268177.6,-1
2023-03-23,250.0,253.5,247.0,251.3,-0.78,50404.0,12622810.6,1
2023-03-26,246.7,251.5,243.2,247.0,-1.71,25659.0,6315203.1,1
2023-03-27,243.2,262.9,243.2,258.9,4.82,26915.0,6780337.9,1
2023-03-28,260.0,262.9,254.0,254.0,-1.89,47281.0,12287239.5,-1
2023-03-29,255.0,258.0,252.9,255.0,0.39,20837.0,5311624.5,0
2023-03-30,260.0,260.0,250.0,252.0,-1.18,19913.0,5025629.9,-1
2023-04-02,254.0,257.1,245.0,245.6,-2.54,28865.0,7209158.5,-1
2023-04-03,242.2,245.9,240.0,241.6,-1.63,43766.0,10583341.8,-1
2023-04-04,246.4,246.4,240.0,244.0,0.99,9946.0,2421508.4,-1
2023-04-05,245.0,246.0,240.0,245.9,0.78,19852.0,4830123.8,1
2023-04-06,242.1,244.9,236.1,236.1,-3.99,22163.0,5312439.2,-1
2023-04-09,234.0,239.0,229.3,232.8,-1.4,23430.0,5461603.1,-1
2023-04-10,230.0,234.9,229.0,232.0,-0.34,21303.0,4927684.0,1
2023-04-11,230.1,238.8,230.1,237.9,2.54,20444.0,4824037.7,1
2023-04-12,241.0,258.0,240.0,258.0,8.45,75007.0,18804770.5,1
2023-04-13,261.9,262.9,251.0,252.0,-2.33,53662.0,13709715.1,-1
2023-04-16,257.0,257.0,248.5,251.5,-0.2,20002.0,5027770.8,-1
2023-04-17,250.0,253.0,243.1,247.8,-1.47,20843.0,5129314.6,-1
2023-04-18,252.0,252.0,242.0,247.4,-0.16,13676.0,3358496.5,-1
2023-04-19,251.0,251.0,245.0,245.0,-0.97,16485.0,4074797.9,-1
2023-04-20,247.0,248.9,242.0,242.0,-1.22,15576.0,3803742.6,-1
2023-04-23,240.0,243.0,238.0,241.0,-0.41,20485.0,4912672.0,1
2023-04-24,237.1,241.5,237.1,240.0,-0.41,6816.0,1637488.4,1
2023-04-25,242.0,244.7,239.0,244.7,1.96,10389.0,2511351.0,1
2023-04-26,245.0,245.1,240.0,240.0,-1.92,6021.0,1456911.5,-1
2023-04-27,239.0,240.0,236.1,236.1,-1.63,10351.0,2460634.0,-1
2023-04-30,239.0,239.0,232.6,233.0,-1.31,10037.0,2347814.8,-1
2023-05-02,233.0,234.0,229.1,229.5,-1.5,15430.0,3558339.1,-1
2023-05-03,227.0,230.5,226.0,227.0,-1.09,12733.0,2892579.2,0
2023-05-04,225.0,233.0,225.0,233.0,2.64,13492.0,3085700.0,1
2023-05-07,230.1,233.0,224.0,227.0,-2.58,12730.0,2894462.3,-1
2023-05-08,223.3,227.0,218.7,222.0,-2.2,16858.0,3737886.4,-1
2023-05-09,226.0,228.6,221.5,225.0,1.35,11577.0,2601084.2,-1
2023-05-10,225.0,226.7,222.1,223.0,-0.89,16040.0,3598760.8,-1
2023-05-11,221.0,225.0,221.0,223.0,0.0,11465.0,2552548.8,1
2023-05-14,223.0,224.7,218.0,220.9,-0.94,10304.0,2273291.9,-1
2023-05-15,224.8,224.8,218.0,219.0,-0.86,10943.0,2406138.0,-1
2023-05-16,219.0,223.0,219.0,222.0,1.37,4198.0,929008.9,1
2023-05-17,225.0,227.0,224.0,226.9,2.21,14124.0,3180465.4,1
2023-05-18,229.0,238.0,226.0,235.1,3.61,21718.0,5069299.5,1
2023-05-21,238.9,243.0,231.0,235.0,-0.04,24722.0,5853192.2,-1
2023-05-22,232.0,236.0,228.1,232.0,-1.28,15330.0,3539231.9,0
2023-05-23,229.0,239.0,229.0,236.2,1.81,23179.0,5493046.6,1
2023-05-24,240.1,240.1,234.0,234.5,-0.72,28260.0,6703923.0,-1
2023-05-28,235.0,240.0,230.8,235.0,0.21,34362.0,8102959.9,0
2023-05-30,234.0,235.0,226.3,229.0,-2.55,35276.0,8096517.7,-1
2023-05-31,227.0,230.0,218.0,219.8,-4.02,36415.0,8126396.6,-1
2023-06-01,218.3,222.9,215.9,221.0,0.55,49717.0,10932912.7,1
2023-06-04,225.4,234.0,225.4,229.1,3.67,21164.0,4864501.4,1
2023-06-05,229.1,236.0,226.0,226.1,-1.31,37690.0,8660102.7,-1
2023-06-06,229.9,233.8,225.5,233.8,3.41,48375.0,11178500.3,1
2023-06-07,237.9,240.9,234.3,234.3,0.21,47249.0,11182044.1,-1
2023-06-08,230.0,238.0,229.8,231.0,-1.41,20795.0,4834849.4,1
2023-06-11,235.6,238.0,233.0,237.0,2.6,36853.0,8675580.6,1
2023-06-12,240.0,241.0,235.0,240.5,1.48,69244.0,16538139.8,1
2023-06-13,237.0,247.4,235.0,246.6,2.54,74932.0,18257081.9,1
2023-06-14,245.0,253.0,241.0,246.9,0.12,74796.0,18514121.1,1
2023-06-15,242.0,249.0,240.0,242.6,-1.74,35898.0,8744182.4,1
2023-06-18,247.4,248.0,240.5,243.4,0.33,91269.0,22221053.9,-1
2023-06-19,242.1,248.2,240.0,242.0,-0.58,37699.0,9152053.5,-1
2023-06-20,246.8,246.8,235.2,235.2,-2.81,53082.0,12781895.1,-1
2023-06-21,234.0,239.6,230.0,230.0,-2.21,39547.0,9238793.3,-1
2023-06-22,230.0,234.6,225.0,228.0,-0.87,35436.0,8098935.1,-1
2023-06-25,224.0,235.9,224.0,232.4,1.93,73174.0,16638194.0,1
2023-06-26,237.0,237.0,227.0,228.0,-1.89,33474.0,7781302.1,-1
2023-06-27,232.5,236.7,228.4,232.5,1.97,37975.0,8791033.6,0
2023-06-28,229.0,237.0,226.0,227.8,-2.02,37347.0,8626302.4,-1
2023-07-02,223.3,238.0,218.1,218.1,-4.26,62752.0,13948502.1,-1
2023-07-03,218.0,223.0,215.1,216.0,-0.96,56930.0,12438239.8,-1
2023-07-04,220.3,220.3,216.0,216.5,0.23,32732.0,7109422.4,-1
2023-07-05,218.0,218.0,213.2,214.4,-0.97,23605.0,5101803.2,-1
2023-07-06,216.0,216.0,210.4,212.9,-0.7,28568.0,6076737.9,-1
2023-07-09,213.3,220.0,213.0,214.0,0.52,43993.0,9511666.0,1
2023-07-10,218.2,218.2,210.0,211.8,-1.03,39332.0,8344022.6,-1
2023-07-11,209.0,211.0,205.0,207.0,-2.27,46554.0,9664147.7,-1
2023-07-12,211.0,223.0,211.0,223.0,7.73,61827.0,13457464.0,1
2023-07-13,225.0,225.9,213.7,215.0,-3.59,34090.0,7436153.5,-1
2023-07-16,219.3,219.3,210.0,213.0,-0.93,27921.0,5905983.6,-1
2023-07-17,212.1,218.0,212.0,217.4,2.07,20994.0,4526744.5,1
2023-07-18,216.0,219.8,214.0,217.0,-0.18,29935.0,6473711.4,1
2023-07-19,218.0,218.0,214.7,215.9,-0.51,8147.0,1755059.7,-1
2023-07-20,218.0,218.0,214.0,214.1,-0.83,35469.0,7672313.1,-1
2023-07-23,216.2,220.0,215.0,219.0,2.29,24264.0,5287136.8,1
2023-07-24,218.0,224.0,216.0,220.0,0.46,35354.0,7760370.4,1
2023-07-25,218.0,220.0,216.2,218.0,-0.91,15679.0,3410967.2,0
2023-07-26,218.0,221.8,215.0,216.0,-0.92,14886.0,3238065.1,-1
2023-07-27,214.3,217.0,212.0,212.8,-1.48,23681.0,5057017.1,-1
2023-07-30,208.6,214.0,208.6,212.8,0.0,21246.0,4489487.3,1
2023-07-31,208.6,213.7,208.0,210.0,-1.32,16705.0,3507007.1,1
2023-08-01,207.3,211.0,204.0,207.0,-1.43,28530.0,5895585.1,-1
2023-08-02,209.0,209.0,203.0,206.9,-0.05,13396.0,2741618.6,-1
2023-08-03,207.0,209.9,203.0,204.0,-1.4,16693.0,3436353.4,-1
2023-08-06,204.0,207.0,201.0,201.3,-1.32,14041.0,2847396.6,-1
2023-08-07,200.2,201.4,197.5,200.0,-0.65,33422.0,6669868.0,-1
2023-08-08,203.0,203.0,195.0,199.0,-0.5,19365.0,3818732.8,-1
2023-08-09,199.0,202.0,194.1,202.0,1.51,19842.0,3930244.6,1
2023-08-10,202.0,203.0,196.0,198.0,-1.98,19948.0,3970227.7,-1
2023-08-13,196.5,200.0,196.5,197.2,-0.4,7214.0,1429290.1,1
2023-08-14,199.0,199.0,195.1,196.0,-0.61,18755.0,3680831.1,-1
2023-08-15,194.0,196.0,191.0,192.0,-2.04,16886.0,3248874.4,-1
2023-08-16,191.0,191.0,186.3,189.9,-1.09,24329.0,4599633.7,-1
2023-08-17,191.9,193.5,190.0,190.0,0.05,16855.0,3222408.9,-1
2023-08-20,191.0,193.7,185.0,187.6,-1.26,15366.0,2879141.6,-1
2023-08-21,184.0,190.0,182.0,185.7,-1.01,21648.0,3998022.8,1
2023-08-22,185.1,187.5,182.5,186.3,0.32,9391.0,1741387.0,1
2023-08-23,189.0,194.0,185.5,193.0,3.6,21072.0,4025521.2,1
2023-08-24,192.0,194.0,185.1,187.0,-3.11,13542.0,2558917.8,-1
2023-08-27,185.0,185.9,182.0,185.9,-0.59,15081.0,2764764.3,1
2023-08-28,183.0,186.9,182.5,186.6,0.38,6854.0,1261278.4,1
2023-08-29,186.6,186.6,181.0,182.7,-2.09,13036.0,2376562.4,-1
2023-08-30,180.1,185.0,180.1,181.9,-0.44,10108.0,1849183.6,1
2023-09-03,179.3,181.0,175.0,178.9,-1.65,10608.0,1882066.2,-1
2023-09-04,182.4,183.9,170.3,177.9,-0.56,13425.0,2346363.1,-1
2023-09-05,181.0,181.0,171.0,174.9,-1.69,5841.0,1012796.9,-1
2023-09-07,172.2,174.9,167.0,170.0,-2.8,14614.0,2470126.4,-1
2023-09-10,171.0,172.0,167.0,170.3,0.18,11542.0,1958049.5,-1
2023-09-11,168.0,175.0,167.5,174.0,2.17,7453.0,1287115.2,1
2023-09-12,174.0,175.9,168.4,171.0,-1.72,7865.0,1339372.4,-1
2023-09-13,170.0,180.3,170.0,179.8,5.15,12842.0,2259798.2,1
2023-09-17,179.0,179.0,172.0,174.0,-3.23,8875.0,1539995.2,-1
2023-09-18,174.9,181.3,174.0,175.0,0.57,5453.0,961196.9,1
2023-09-19,177.0,186.6,172.1,186.0,6.29,21019.0,3803077.0,1
2023-09-21,189.6,203.0,187.0,201.0,8.06,47833.0,9411354.2,1
2023-09-24,199.0,202.0,190.0,195.0,-2.99,30329.0,5970851.1,-1
2023-09-25,195.0,196.1,190.0,193.0,-1.03,18481.0,3554890.5,-1
2023-09-26,195.0,200.0,191.2,198.0,2.59,34604.0,6830172.4,1
2023-09-27,199.0,199.0,193.0,194.0,-2.02,17878.0,3477442.6,-1
2023-10-01,197.8,197.8,180.5,180.5,-6.96,33340.0,6197077.0,-1
2023-10-02,180.0,193.7,180.0,192.9,6.87,27013.0,5020955.3,1
2023-10-03,193.0,193.0,187.7,189.4,-1.81,10103.0,1918025.8,-1
2023-10-04,192.0,196.8,190.0,191.0,0.84,13735.0,2636871.4,-1
2023-10-05,187.2,193.0,186.0,187.0,-2.09,12659.0,2389357.8,-1
2023-10-08,190.7,190.7,181.0,182.1,-2.62,17759.0,3272209.3,-1
2023-10-09,185.0,185.7,179.0,182.0,-0.05,11885.0,2162268.9,-1
2023-10-10,184.0,184.0,178.0,178.2,-2.09,16930.0,3025908.9,-1
2023-10-11,175.1,192.6,175.1,180.0,1.01,10667.0,1930527.8,1
2023-10-12,183.6,183.6,171.5,175.9,-2.28,20096.0,3520233.2,-1
2023-10-16,178.0,178.0,172.0,175.0,-0.51,9131.0,1583224.6,-1
2023-10-17,177.0,181.0,177.0,179.0,2.29,10256.0,1836779.6,1
2023-10-18,180.0,183.5,179.0,180.0,0.56,4426.0,802815.0,0
2023-10-19,182.0,182.0,173.0,174.0,-3.33,8574.0,1512935.5,-1
2023-10-29,173.0,176.0,171.0,175.0,0.57,4633.0,797994.3,1
2023-10-30,178.5,181.9,171.5,176.9,1.09,6534.0,1143082.6,-1
2023-10-31,176.9,179.4,176.0,176.0,-0.51,4049.0,714642.6,-1
2023-11-01,177.0,180.5,173.0,176.8,0.45,7648.0,1337882.4,-1
2023-11-02,173.7,175.0,170.8,174.0,-1.58,9005.0,1550800.3,1
2023-11-05,170.6,177.0,168.0,170.0,-2.3,15343.0,2608080.1,-1
2023-11-06,173.4,175.0,171.0,174.0,2.35,6490.0,1121592.0,1
2023-11-07,177.4,179.8,170.6,173.9,-0.06,4364.0,760324.0,-1
2023-11-06,173.4,175.0,171.0,174.0,2.35,6490.0,1121592.0,1
2023-11-07,177.4,179.8,170.6,173.9,-0.06,4364.0,760324.0,-1
2023-11-08,177.3,179.8,170.4,173.8,-0.06,10980.0,1887529.3,-1
2023-11-09,175.0,175.0,172.1,174.0,0.12,3434.0,596206.6,-1
2023-11-20,177.0,177.0,171.5,173.8,-0.11,8756.0,1520990.2,-1
2023-11-21,177.0,177.0,168.2,170.0,-2.19,8290.0,1413590.6,-1
2023-11-22,170.0,176.0,170.0,173.9,2.29,6596.0,1142922.0,1
2023-11-23,171.0,182.0,170.5,178.8,2.82,11043.0,1936249.0,1
2023-11-26,175.8,188.9,175.8,188.0,5.15,24118.0,4437325.8,1
2023-11-27,191.7,194.4,182.3,185.0,-1.6,10047.0,1870045.6,-1
2023-11-28,188.0,189.9,181.4,185.0,0.0,11463.0,2115930.0,-1
2023-11-29,181.4,188.7,181.3,184.0,-0.54,6137.0,1120878.6,1
2023-11-30,185.0,185.0,180.5,182.9,-0.6,17673.0,3215710.5,-1
2023-12-03,179.3,180.0,176.0,178.4,-2.46,10092.0,1783364.8,-1
2023-12-04,179.0,179.0,176.1,178.0,-0.22,6082.0,1078080.2,-1
2023-12-05,181.5,181.5,175.0,175.0,-1.69,4311.0,757587.4,-1
2023-12-06,173.0,179.9,173.0,177.3,1.31,7858.0,1368873.7,1
2023-12-07,180.8,180.8,173.9,179.9,1.47,15822.0,2801111.8,-1
2023-12-10,183.4,194.4,183.4,194.0,7.84,1635.0,316019.5,1
2023-12-11,197.8,204.0,186.4,193.0,-0.52,37737.0,7265822.6,-1
2023-12-12,196.8,209.5,192.9,206.0,6.74,73342.0,14634555.6,1
2023-12-13,210.1,214.0,206.0,209.0,1.46,76584.0,16131880.3,-1
2023-12-14,205.1,213.0,201.0,211.9,1.39,37676.0,7859239.1,1
2023-12-17,214.0,225.0,206.0,225.0,6.18,106591.0,23242052.2,1
2023-12-18,229.5,231.1,216.0,223.0,-0.89,84108.0,19039953.4,-1
2023-12-19,227.4,227.4,216.0,222.0,-0.45,33631.0,7407562.2,-1
2023-12-20,226.4,229.0,217.6,223.6,0.72,74834.0,16716176.7,-1
2023-12-21,220.3,230.0,218.0,224.0,0.18,96253.0,21611179.1,1
2023-12-24,228.4,232.0,220.5,222.0,-0.89,96791.0,22058825.8,-1
2023-12-27,222.0,228.0,216.0,219.0,-1.35,45513.0,10098758.1,-1
2023-12-28,223.3,227.0,212.1,215.0,-1.83,34118.0,7388619.0,-1
2024-01-01,219.3,219.3,204.9,208.0,-3.26,50035.0,10600043.4,-1
2024-01-02,212.1,212.1,198.2,199.1,-4.28,60139.0,12103851.9,-1
2024-01-03,200.5,212.0,198.0,209.0,4.97,28939.0,5938143.9,1
2024-01-04,213.1,216.0,209.0,212.0,1.44,87531.0,18614457.3,-1
2024-01-07,216.0,225.4,210.0,216.0,1.89,120987.0,26596254.0,0
2024-01-08,220.2,223.0,216.2,222.0,2.78,48754.0,10714945.8,1
2024-01-09,226.0,231.3,222.0,224.0,0.9,108866.0,24761089.7,-1
2024-01-10,228.4,232.7,222.7,226.0,0.89,54999.0,12337747.9,-1
2024-01-11,230.0,247.0,226.0,246.0,8.85,303528.0,72776119.5,1
2024-01-14,250.9,257.9,247.1,248.0,0.81,148613.0,37415311.4,-1
2024-01-16,252.9,272.8,248.0,272.8,10.0,280007.0,74963167.4,1
2024-01-17,272.0,287.0,254.1,259.0,-5.06,342395.0,93410724.9,-1
2024-01-18,254.0,278.0,250.0,272.0,5.02,223949.0,59682667.4,1
2024-01-21,277.0,299.0,277.0,279.0,2.57,416114.0,119828412.1,1
2024-01-22,280.0,289.0,274.0,277.9,-0.39,253358.0,71543008.0,-1
2024-01-23,280.0,284.0,267.0,270.0,-2.84,109681.0,30297742.6,-1
2024-01-24,275.0,278.0,268.6,270.5,0.19,98061.0,26803456.6,-1
2024-01-25,275.0,275.0,259.0,264.9,-2.07,107691.0,28508663.6,-1
2024-01-28,270.1,283.8,266.5,282.0,6.46,198681.0,54675176.3,1
2024-01-29,287.6,292.0,279.0,289.0,2.48,291661.0,83707268.2,1
2024-01-30,290.0,308.3,290.0,303.5,5.02,448960.0,134923328.3,1
2024-01-31,308.0,309.0,288.0,291.1,-4.09,219414.0,64756359.8,-1
2024-02-01,285.3,293.0,278.4,281.0,-3.47,172075.0,48790896.1,-1
2024-02-04,281.0,285.0,273.1,280.0,-0.36,110542.0,30866097.1,-1
2024-02-05,275.0,286.0,275.0,280.0,0.0,82354.0,23174198.2,1
2024-02-06,280.0,285.0,279.0,284.0,1.43,62848.0,17750670.5,1
2024-02-07,289.0,294.5,283.5,291.0,2.46,188355.0,54746054.1,1
2024-02-08,296.7,296.7,285.2,286.0,-1.72,86122.0,24840912.3,-1
2024-02-11,291.7,291.7,280.0,281.0,-1.75,66470.0,18901531.5,-1
2024-02-12,286.6,288.8,281.0,284.9,1.39,49074.0,13945166.7,-1
2024-02-13,280.0,285.0,275.5,276.0,-3.12,89033.0,24944466.8,-1
2024-02-14,273.0,282.0,273.0,279.0,1.09,67614.0,18853109.9,1
2024-02-15,273.5,294.0,273.5,285.0,2.15,222399.0,63484386.1,1
2024-02-18,289.0,289.8,277.3,280.9,-1.44,84246.0,23662135.0,-1
2024-02-20,276.0,280.9,272.0,272.5,-2.99,86781.0,23969097.9,-1
2024-02-21,277.8,281.0,268.7,268.7,-1.39,94262.0,25787691.6,-1
2024-02-22,267.0,275.4,259.0,262.2,-2.42,83400.0,22078670.7,-1
2024-02-25,258.0,267.0,250.0,252.0,-3.89,57751.0,14865825.0,-1
2024-02-26,248.4,260.0,248.4,260.0,3.17,42103.0,10747472.8,1
2024-02-27,265.0,269.0,258.0,266.0,2.31,33883.0,8936198.5,1
2024-02-28,260.7,271.0,256.0,258.1,-2.97,31504.0,8273183.8,-1
2024-02-29,254.0,260.0,246.1,250.0,-3.14,76245.0,19151233.6,-1
2024-03-03,245.1,254.0,245.0,252.8,1.12,30826.0,7693368.5,1
2024-03-04,257.8,278.0,257.8,275.0,8.78,12848.0,3496767.0,1
2024-03-05,280.0,280.0,258.9,260.0,-5.45,102657.0,27283308.4,-1
2024-03-06,254.8,269.0,254.8,260.0,0.0,51517.0,13449530.2,1
2024-03-07,265.0,269.9,259.0,263.9,1.5,22441.0,5897969.9,-1
2024-03-10,260.0,274.4,260.0,268.0,1.55,37335.0,9956040.3,1
2024-03-12,273.0,273.0,262.0,269.5,0.56,51816.0,13768897.9,-1
2024-03-13,266.0,271.0,265.0,269.0,-0.19,47494.0,12712814.5,1
2024-03-14,274.3,274.3,262.1,264.0,-1.86,46062.0,12223576.3,-1
2024-03-17,265.0,268.0,259.0,259.2,-1.82,27075.0,7075996.3,-1
2024-03-18,260.0,264.0,257.6,259.0,-0.08,26728.0,6944910.0,-1
2024-03-19,264.1,264.1,255.0,257.0,-0.77,45716.0,11849135.6,-1
2024-03-20,257.0,260.0,255.0,256.0,-0.39,27827.0,7118551.1,-1
2024-03-21,261.1,261.1,249.2,252.9,-1.21,35070.0,8822878.2,-1
2024-03-25,252.9,252.9,245.0,247.9,-1.98,21155.0,5226111.5,-1
2024-03-26,248.0,258.0,243.1,252.0,1.65,51996.0,13014816.9,1
2024-03-27,250.1,255.6,244.1,246.9,-2.02,33134.0,8200990.7,-1
2024-03-28,244.0,251.3,243.2,248.0,0.45,33756.0,8345572.0,1
2024-03-31,251.0,255.9,243.0,243.2,-1.94,29712.0,7315751.6,-1
2024-04-01,248.0,248.0,239.0,239.2,-1.64,45265.0,10972136.0,-1
2024-04-02,243.9,248.5,236.2,238.8,-0.17,23366.0,5584248.0,-1
2024-04-03,235.1,239.8,232.3,234.0,-2.01,34285.0,8061307.6,-1
2024-04-04,235.0,235.0,230.1,232.0,-0.85,26179.0,6068517.6,-1
2024-04-07,236.6,240.8,230.1,240.8,3.79,29196.0,6869501.9,1
2024-04-09,245.0,246.0,238.1,241.0,0.08,31933.0,7703812.3,-1
2024-04-10,239.0,244.0,233.1,233.1,-3.28,35084.0,8396822.8,-1
2024-04-14,237.0,247.2,235.2,247.2,6.05,69609.0,16835369.2,1
2024-04-15,242.3,259.9,242.3,251.0,1.54,69782.0,17799593.7,1
2024-04-16,246.0,256.0,244.0,244.9,-2.43,22461.0,5564930.2,-1
2024-04-18,240.1,242.8,238.1,238.9,-2.45,8280.0,1986340.5,-1
2024-04-21,234.2,246.0,234.2,240.2,0.54,24850.0,5984601.0,1
2024-04-22,241.0,250.9,241.0,245.0,2.0,24664.0,6033595.7,1
2024-04-24,241.0,247.8,241.0,243.9,-0.45,16558.0,4032271.3,1
2024-04-25,245.0,246.9,236.5,237.0,-2.83,32791.0,7835335.6,-1
2024-04-28,241.7,241.7,237.0,239.9,1.22,18528.0,4427616.2,-1
2024-04-29,244.6,244.6,234.2,236.9,-1.25,32540.0,7714129.4,-1
2024-04-30,240.0,246.0,235.5,242.0,2.15,61636.0,14845152.8,1
2024-05-02,246.8,246.8,238.0,241.8,-0.08,28304.0,6851214.6,-1
2024-05-05,237.0,245.0,233.8,235.0,-2.81,36695.0,8639271.2,-1
2024-05-06,230.3,238.0,230.3,231.5,-1.49,24410.0,5662027.6,1
2024-05-07,236.0,236.0,228.1,233.0,0.65,17704.0,4074925.7,-1
2024-05-08,235.8,235.8,226.1,227.0,-2.58,12180.0,2779841.0,-1
2024-05-09,226.0,231.0,225.0,226.1,-0.4,14350.0,3250612.5,1
2024-05-12,224.0,230.0,223.1,227.0,0.4,21150.0,4796674.6,1
2024-05-13,230.9,230.9,225.0,229.6,1.15,16093.0,3650502.5,-1
2024-05-14,229.6,240.0,226.0,237.0,3.22,25313.0,5960919.9,1
2024-05-15,241.0,244.9,236.0,238.7,0.72,31678.0,7605212.6,-1
2024-05-16,239.7,241.6,233.0,237.1,-0.67,14169.0,3328142.5,-1
2024-05-19,241.8,241.8,233.2,238.0,0.38,22495.0,5347256.9,-1
2024-05-20,238.0,247.0,238.0,243.8,2.44,51689.0,12598836.1,1
2024-05-21,247.0,249.9,235.0,246.1,0.94,35800.0,8796137.6,-1
2024-05-22,241.5,249.9,237.0,240.0,-2.48,37575.0,9033744.1,-1
2024-05-26,235.2,243.0,232.5,234.0,-2.5,17979.0,4244338.3,-1
2024-05-27,238.6,238.6,233.5,236.7,1.15,11210.0,2631927.2,-1
2024-05-29,241.4,242.0,233.0,235.0,-0.72,27356.0,6471430.1,-1
2024-05-30,239.7,239.7,232.6,236.0,0.43,22292.0,5242175.5,-1
2024-06-02,240.7,243.0,227.4,238.9,1.23,27800.0,6620058.1,-1
2024-06-03,243.0,243.0,233.4,236.7,-0.92,16170.0,3810826.5,-1
2024-06-04,237.9,242.0,235.0,236.8,0.04,25503.0,6075119.9,-1
2024-06-05,241.0,241.0,230.0,236.0,-0.34,15207.0,3535467.7,-1
2024-06-06,236.0,236.0,230.3,231.0,-2.12,12718.0,2948116.8,-1
2024-06-09,231.5,234.0,228.1,233.4,1.04,25026.0,5760787.4,1
2024-06-10,231.0,242.7,231.0,239.0,2.4,48173.0,11553043.1,1
2024-06-11,243.7,256.8,241.2,255.0,6.69,137016.0,34680602.9,1
2024-06-12,259.0,260.0,248.0,249.8,-2.04,52732.0,13337269.7,-1
2024-06-13,254.7,254.7,243.1,246.0,-1.52,36922.0,9153543.8,-1
2024-06-16,248.1,257.0,248.1,251.4,2.2,58564.0,14770443.7,1
2024-06-18,250.0,251.2,243.0,245.0,-2.55,35070.0,8619805.2,-1
2024-06-19,249.8,249.9,240.2,241.7,-1.35,18427.0,4484398.7,-1
2024-06-20,242.1,246.9,239.0,240.0,-0.7,19560.0,4727956.1,-1
2024-06-23,238.3,243.0,236.0,239.0,-0.42,30280.0,7220797.0,1
2024-06-24,235.0,243.5,235.0,237.0,-0.84,22140.0,5285407.2,1
2024-06-25,237.0,241.0,236.5,237.0,0.0,15625.0,3727042.8,0
2024-06-26,240.0,240.0,234.2,238.0,0.42,31535.0,7452673.1,-1
2024-06-27,234.5,242.0,232.0,236.0,-0.84,24603.0,5765494.0,1
2024-06-30,235.0,239.0,233.0,237.5,0.64,19276.0,4525004.6,1
2024-07-01,234.2,237.0,233.0,234.0,-1.47,20434.0,4787770.8,-1
2024-07-02,238.6,253.0,238.6,242.0,3.42,48026.0,11640606.9,1
2024-07-03,237.3,241.0,237.3,238.3,-1.53,10183.0,2431347.7,1
2024-07-04,235.2,245.0,235.1,239.1,0.34,30024.0,7220689.6,1
2024-07-07,243.8,243.8,239.0,241.4,0.96,27068.0,6506975.9,-1
2024-07-08,246.2,246.2,238.0,240.0,-0.58,20120.0,4811236.8,-1
2024-07-09,237.2,241.5,237.0,240.0,0.0,23083.0,5542059.8,1
2024-07-10,235.2,244.4,235.2,241.0,0.42,34037.0,8136016.4,1
2024-07-11,241.0,246.0,239.0,245.0,1.66,44947.0,10966192.6,1
2024-07-14,249.9,258.0,248.0,258.0,5.31,67899.0,17226883.0,1
2024-07-15,263.0,264.0,251.5,256.0,-0.78,71482.0,18407755.7,-1
2024-07-16,254.1,274.0,254.1,271.0,5.86,127617.0,34162489.7,1
2024-07-17,275.0,277.4,263.0,273.0,0.74,114759.0,31138184.4,-1
2024-07-18,278.4,278.4,268.0,270.0,-1.1,125680.0,34364397.2,-1
2024-07-21,270.0,297.0,269.5,297.0,10.0,382852.0,110759874.8,1
2024-07-22,302.9,310.0,293.0,304.0,2.36,383652.0,116227698.1,1
2024-07-23,305.0,318.0,303.0,314.9,3.59,188013.0,58673341.8,1
2024-07-24,308.7,319.0,297.0,300.0,-4.73,314743.0,95899995.5,-1
2024-07-25,304.2,305.0,294.0,297.0,-1.0,122862.0,36500468.8,-1
2024-07-28,300.0,308.0,289.2,298.6,0.54,136498.0,40480980.1,-1
2024-07-29,304.0,310.9,294.0,295.2,-1.14,188972.0,57278925.5,-1
2024-07-30,297.9,315.0,297.9,312.0,5.69,236817.0,72666372.7,1
2024-07-31,315.0,331.4,313.0,320.0,2.56,300552.0,97397424.6,1
2024-08-01,325.0,326.0,310.0,313.0,-2.19,197336.0,62428222.7,-1
2024-08-05,313.0,326.0,307.0,320.0,2.24,317208.0,100772985.5,1
2024-08-06,326.0,334.5,309.0,312.0,-2.5,364869.0,117686202.3,-1
2024-08-07,310.0,340.0,310.0,338.4,8.46,243930.0,79597112.6,1
2024-08-08,340.0,355.0,335.0,340.0,0.47,278730.0,96667870.3,0
2024-08-11,346.0,360.0,343.0,358.0,5.29,350409.0,122845218.0,1
2024-08-12,365.0,374.5,357.0,365.0,1.96,251286.0,91694990.0,0
2024-08-13,368.0,372.0,346.0,353.0,-3.29,199400.0,70481796.5,-1
2024-08-14,356.0,361.9,344.0,355.5,0.71,229976.0,80865319.5,-1
2024-08-15,362.6,386.0,355.1,375.0,5.49,313387.0,116254113.1,1
2024-08-18,375.0,375.0,353.1,358.0,-4.53,212480.0,77564254.5,-1
2024-08-21,363.0,367.0,350.0,353.0,-1.4,157090.0,55723081.0,-1
2024-08-22,355.0,366.0,353.0,356.0,0.85,183808.0,66196944.0,1
2024-08-25,357.1,364.9,346.2,347.0,-2.53,257175.0,91182747.6,-1
2024-08-27,347.0,350.0,327.5,329.0,-5.19,192755.0,65057450.4,-1
2024-08-28,323.0,343.0,322.0,328.0,-0.3,107846.0,35925434.7,1
2024-08-29,325.5,346.0,318.0,318.5,-2.9,90163.0,29431409.4,-1
2024-09-01,324.0,331.0,317.0,320.6,0.66,111735.0,36110980.4,-1
2024-09-02,327.0,339.6,321.0,337.4,5.24,120428.0,39985762.4,1
2024-09-03,341.9,347.7,336.1,341.0,1.07,110047.0,37548230.5,-1
2024-09-04,346.8,346.8,322.0,325.0,-4.69,62335.0,20521405.6,-1
2024-09-05,320.0,338.0,318.0,327.0,0.62,109635.0,35537163.5,1
2024-09-08,327.5,336.4,322.2,325.0,-0.61,61642.0,20295163.9,-1
2024-09-09,331.4,338.0,317.0,319.0,-1.85,74293.0,23847115.6,-1
2024-09-10,314.0,330.9,314.0,318.7,-0.09,44408.0,14247405.2,1
2024-09-11,319.0,326.0,313.5,315.0,-1.16,77091.0,24559480.9,-1
2024-09-12,315.1,326.0,315.0,325.0,3.17,50219.0,16183082.6,1
2024-09-15,325.0,333.0,313.0,317.0,-2.46,80669.0,26249723.7,-1
2024-09-16,322.9,322.9,308.0,309.0,-2.52,61910.0,19298352.5,-1
2024-09-18,304.0,314.4,303.0,303.0,-1.94,71087.0,21824339.7,-1
2024-09-22,309.0,315.1,304.1,306.0,0.99,49490.0,15277929.4,-1
2024-09-23,300.3,312.1,293.1,293.1,-4.22,51950.0,15512026.2,-1
2024-09-24,294.0,299.8,283.4,284.0,-3.1,89492.0,25778223.3,-1
2024-09-25,284.0,300.5,280.5,294.7,3.77,62427.0,18189322.9,1
2024-09-26,297.5,304.9,280.0,288.0,-2.27,37877.0,11053427.8,-1
2024-09-29,283.0,288.0,276.7,282.9,-1.77,38515.0,10808168.7,-1
2024-09-30,288.0,310.0,277.3,310.0,9.58,39270.0,11464243.6,1
2024-10-01,303.8,320.0,298.0,316.0,1.94,136007.0,42345629.2,1
2024-10-02,310.0,319.7,302.1,303.4,-3.99,68641.0,21222577.5,-1
2024-10-06,309.4,315.0,303.3,313.7,3.39,43150.0,13405505.2,1
2024-10-07,318.0,330.0,313.7,314.0,0.1,81074.0,25776711.0,-1
2024-10-08,310.0,317.9,306.0,308.0,-1.91,35289.0,10929223.4,-1
2024-10-09,312.0,338.8,304.0,338.8,10.0,50651.0,16005461.9,1
2024-10-15,338.0,338.0,318.0,321.0,-5.25,52535.0,16920951.9,-1
2024-10-16,324.0,331.9,321.0,325.9,1.53,40060.0,13076166.8,1
2024-10-17,329.0,349.9,322.7,326.0,0.03,92284.0,30150137.4,-1
2024-10-20,319.5,323.0,312.0,315.0,-3.37,71490.0,22641786.8,-1
2024-10-21,318.0,318.0,305.4,308.9,-1.94,31407.0,9712625.01,-1
2024-10-22,315.0,315.0,305.0,312.0,1.0,25994.0,8052044.7,-1
2024-10-23,316.7,316.7,307.0,310.4,-0.51,19171.0,5946181.6,-1
2024-10-24,310.0,313.0,304.7,309.9,-0.16,31013.0,9539031.8,-1
2024-10-27,315.0,316.0,306.5,309.9,0.0,22398.0,6972572.4,-1
2024-10-28,312.5,317.9,308.5,317.8,2.55,35374.0,11113646.4,1
2024-10-29,319.9,344.0,316.0,335.0,5.41,230005.0,76355661.0,1
2024-10-30,340.0,343.9,336.5,339.7,1.4,162157.0,55049898.9,-1
2024-11-05,333.0,372.0,333.0,372.0,9.51,115720.0,40030748.8,1
2024-11-06,364.6,394.0,350.1,357.0,-4.03,330776.0,119188821.1,-1
2024-11-10,357.0,378.0,350.0,358.0,0.28,316075.0,112612892.5,1
2024-11-11,350.9,360.0,340.0,347.0,-3.07,219949.0,76808103.7,-1
2024-11-12,340.1,358.0,340.1,341.0,-1.73,105046.0,36524075.8,1
2024-11-13,347.0,347.0,334.2,334.2,-1.99,78870.0,26730037.5,-1
2024-11-14,327.6,347.0,327.6,340.0,1.74,144983.0,49370373.2,1
2024-11-17,346.0,353.0,341.0,344.0,1.18,128772.0,44496082.7,-1
2024-11-19,340.2,345.0,330.0,331.0,-3.78,98820.0,33194075.4,-1
2024-11-20,324.4,338.0,324.4,326.1,-1.48,81224.0,26823762.1,1
2024-11-21,332.0,332.9,321.7,324.0,-0.64,86907.0,28378243.8,-1
2024-11-24,330.0,334.7,324.2,327.0,0.93,62477.0,20555782.7,-1
2024-11-25,331.0,334.7,325.0,330.0,0.92,51799.0,17051530.1,-1
2024-11-26,335.0,345.0,332.0,342.0,3.64,128172.0,43599934.7,1
2024-11-27,348.8,350.0,342.0,343.9,0.56,115043.0,39766912.5,-1
2024-11-28,350.7,350.7,335.7,337.8,-1.77,110323.0,37601984.7,-1
2024-12-01,332.0,338.0,326.1,332.0,-1.72,74869.0,24859932.9,0
2024-12-02,335.0,344.0,335.0,336.0,1.2,112723.0,38223391.8,1
2024-12-03,342.0,352.0,340.0,347.8,3.51,220679.0,76752035.7,1
2024-12-04,348.0,362.0,347.4,355.0,2.07,276953.0,98769437.9,1
2024-12-05,355.0,362.0,343.0,343.5,-3.24,118567.0,41374939.4,-1
2024-12-08,341.0,346.9,334.1,334.5,-2.62,76940.0,26015348.0,-1
2024-12-09,339.9,356.0,335.1,345.2,3.2,188449.0,65369695.7,1
2024-12-10,346.2,350.0,339.5,342.0,-0.93,44256.0,15172390.9,-1
2024-12-11,348.8,348.8,337.2,347.4,1.58,52329.0,18018740.6,-1
2024-12-12,349.0,349.9,338.1,340.0,-2.13,101988.0,34884828.9,-1
2024-12-16,345.0,345.0,325.0,326.0,-4.12,80474.0,26618052.1,-1
2024-12-17,331.9,332.0,324.0,325.1,-0.28,41059.0,13466571.5,-1
2024-12-18,331.0,331.0,323.1,324.0,-0.34,36688.0,11919290.5,-1
2024-12-19,320.4,326.8,320.0,321.0,-0.93,44364.0,14290827.0,1
2024-12-22,323.0,329.4,316.7,321.5,0.16,48991.0,15714945.1,-1
2024-12-23,315.1,333.9,315.1,332.0,3.27,42107.0,13749810.2,1
2024-12-24,326.3,335.0,326.3,330.0,-0.6,30463.0,10087779.4,1
2024-12-26,325.0,328.0,320.0,323.5,-1.97,46108.0,14890951.4,-1
2024-12-29,323.5,330.0,318.0,319.9,-1.11,38047.0,12238154.1,-1
2024-12-31,315.5,321.0,310.0,315.0,-1.53,41386.0,13007562.4,-1
2025-01-01,320.0,321.3,316.8,316.8,0.57,23748.0,7561586.4,-1
2025-01-02,315.1,322.0,315.0,322.0,1.64,32313.0,10329611.3,1
2025-01-05,321.0,336.9,321.0,336.0,4.35,107567.0,35382356.7,1
2025-01-06,342.0,345.9,335.6,341.0,1.49,127686.0,43639229.5,-1
2025-01-07,345.0,345.0,335.1,338.0,-0.88,48219.0,16343181.9,-1
2025-01-08,343.0,343.0,334.1,337.0,-0.3,44472.0,14945653.2,-1
2025-01-09,337.0,344.0,335.2,337.2,0.06,115449.0,39281365.3,1
2025-01-12,342.0,342.0,330.1,335.0,-0.65,27995.0,9354844.8,-1
2025-01-13,329.0,341.0,329.0,338.1,0.93,107052.0,36038631.0,1
2025-01-15,340.9,341.9,332.0,333.0,-1.51,38752.0,13029255.5,-1
2025-01-16,334.0,338.9,331.0,334.0,0.3,40087.0,13386649.3,0
2025-01-19,340.6,340.6,330.0,334.0,0.0,51478.0,17192384.3,-1
2025-01-20,340.0,343.0,335.2,339.0,1.5,74145.0,25126468.6,-1
2025-01-21,341.0,345.7,336.5,336.5,-0.74,73477.0,25098624.0,-1
2025-01-22,343.2,349.9,330.0,344.7,2.44,141917.0,48729175.2,1
2025-01-23,337.9,348.0,337.9,340.0,-1.36,80101.0,27337362.3,1
2025-01-26,345.9,354.0,340.0,350.0,2.94,188410.0,65810369.2,1
2025-01-27,355.0,358.0,346.5,349.0,-0.29,161814.0,57097126.8,-1
2025-01-28,355.9,357.0,348.1,355.0,1.72,169395.0,59884511.5,-1
2025-02-02,348.0,367.0,348.0,357.0,0.56,175981.0,63247026.3,1
2025-02-03,363.0,363.0,350.1,350.8,-1.74,134040.0,47701804.2,-1
2025-02-04,344.4,366.0,344.4,366.0,4.33,259321.0,93508640.7,1
2025-02-05,370.0,388.0,367.0,377.0,3.01,414414.0,157098824.0,1
2025-02-06,383.9,398.0,372.0,389.0,3.18,417581.0,161984621.2,1
2025-02-09,394.0,395.9,376.1,380.1,-2.29,305796.0,117698349.4,-1
2025-02-10,380.0,390.0,373.1,380.0,-0.03,228341.0,86694880.3,0
2025-02-11,377.0,404.9,373.1,403.0,6.05,551103.0,217760247.2,1
2025-02-12,410.0,419.0,405.0,410.0,1.74,458619.0,188815588.4,0
2025-02-13,409.0,411.9,395.0,397.0,-3.17,312620.0,125278840.3,-1
2025-02-16,394.0,396.0,386.1,390.0,-1.76,242061.0,94668283.6,-1
2025-02-17,383.0,394.0,381.3,383.1,-1.77,205616.0,79412875.9,1
2025-02-18,388.0,391.0,380.1,382.1,-0.26,206562.0,79411584.4,-1
2025-02-20,385.0,390.0,379.1,387.3,1.36,187386.0,72416479.0,1
2025-02-23,385.0,405.9,375.0,398.0,2.76,318535.0,126196878.2,1
2025-02-24,399.0,403.0,390.1,395.2,-0.7,246550.0,97196985.8,-1
2025-02-25,401.0,405.8,396.0,402.0,1.72,356479.0,142587804.7,1
2025-02-27,405.0,418.0,399.0,411.0,2.24,400455.0,164335517.3,1
2025-03-02,417.9,424.8,409.5,424.8,3.36,266849.0,110790510.7,1
2025-03-03,433.2,434.0,420.0,428.0,0.75,358730.0,152747587.7,-1
2025-03-04,419.5,439.0,419.5,431.9,0.91,312832.0,135406903.2,1
2025-03-05,440.0,448.0,427.0,428.0,-0.9,359675.0,157071816.4,-1
2025-03-06,436.5,436.5,422.0,436.5,1.99,269023.0,115175772.7,0
2025-03-09,445.2,445.2,430.0,435.0,-0.34,216644.0,93737748.5,-1
2025-03-10,443.0,449.0,426.0,429.0,-1.38,374756.0,163320812.4,-1
2025-03-11,435.0,435.0,420.1,429.0,0.0,326957.0,138553080.8,-1
2025-03-12,429.0,436.7,426.8,434.0,1.17,229719.0,99177323.8,1
2025-03-16,434.0,445.0,430.2,439.2,1.2,391990.0,171099405.5,1
2025-03-17,441.0,443.0,433.2,434.0,-1.18,260276.0,114125771.9,-1
2025-03-18,438.5,440.9,433.0,433.9,-0.02,155537.0,67700910.6,-1
2025-03-19,433.0,442.6,433.0,438.8,1.13,252702.0,110799372.1,1
2025-03-20,440.0,450.0,433.2,447.52,1.99,366814.0,162335707.9,1
2025-03-23,450.0,474.0,445.0,453.35,1.3,447088.0,204513946.7,1
2025-03-24,462.4,462.4,440.2,443.28,-2.22,265403.0,118356522.3,-1
2025-03-25,452.1,452.1,431.5,437.6,-1.28,396979.0,173439698.3,-1
2025-03-26,435.0,442.8,432.0,438.79,0.27,243627.0,106658265.9,1
2025-03-27,436.0,440.5,434.0,435.85,-0.67,208381.0,91005929.7,-1
2025-03-30,438.9,444.0,430.5,437.93,0.48,334542.0,146776481.1,-1
2025-04-01,435.1,450.0,434.0,440.38,0.56,348734.0,153429873.1,1
2025-04-02,449.0,449.1,441.2,442.41,0.46,157116.0,69929285.3,-1
2025-04-03,444.0,446.9,438.4,440.15,-0.51,303400.0,133776473.8,-1
2025-04-07,448.9,448.9,439.2,441.89,0.4,234520.0,103804366.5,-1
2025-04-08,435.0,460.0,435.0,457.39,3.51,479609.0,215065079.4,1
2025-04-09,465.0,465.0,450.0,450.71,-1.46,159814.0,72513490.9,-1
2025-04-10,454.0,462.0,450.0,460.15,2.09,388422.0,177709208.9,1
2025-04-13,461.0,465.0,456.1,461.28,0.25,276693.0,127544057.5,1
2025-04-15,470.5,470.9,460.1,463.23,0.42,346207.0,160744773.4,-1
2025-04-16,460.8,479.6,460.8,474.39,2.41,343657.0,161958738.8,1
2025-04-17,473.0,484.0,466.0,470.13,-0.9,373287.0,177716410.5,-1
2025-04-20,466.0,473.0,461.0,465.95,-0.89,273718.0,127235866.9,-1
2025-04-21,472.0,475.0,465.0,472.61,1.43,189785.0,89567320.1,1
2025-04-22,474.5,475.0,469.6,472.03,-0.12,241849.0,114060701.7,-1
2025-04-23,471.0,477.0,471.0,473.17,0.24,308590.0,146093154.5,1
2025-04-24,475.0,476.5,472.2,475.02,0.39,279961.0,132770201.9,1
2025-04-27,479.0,485.0,475.0,480.76,1.21,416084.0,199923330.4,1
2025-04-28,490.3,490.3,475.0,485.42,0.97,348561.0,167608140.5,-1
2025-04-29,495.1,498.7,481.3,490.64,1.08,213121.0,104722703.7,-1
2025-04-30,480.9,514.0,480.9,503.86,2.69,430876.0,216137782.1,1
2025-05-04,503.0,510.0,491.1,497.32,-1.3,297357.0,147990822.4,-1
2025-05-05,491.9,504.0,491.9,501.33,0.81,301047.0,149887712.5,1
2025-05-06,502.5,509.0,500.0,500.33,-0.2,158418.0,79692608.6,-1
2025-05-07,498.0,506.9,498.0,501.33,0.2,212264.0,106577705.5,1
2025-05-08,500.0,508.9,500.0,500.43,-0.18,376609.0,188960741.6,1
2025-05-11,505.0,511.5,498.1,507.66,1.44,227445.0,114558493.1,1
2025-05-13,500.0,517.0,500.0,509.1,0.28,179663.0,91167365.0,1
2025-05-14,512.0,512.0,500.5,501.74,-1.45,163664.0,82749499.6,-1
2025-05-15,502.0,505.0,497.2,500.93,-0.16,171783.0,86116755.6,-1
2025-05-18,507.9,509.0,495.1,505.9,0.99,185355.0,93354108.8,-1
2025-05-19,508.9,512.9,506.0,508.13,0.44,196502.0,100077798.2,-1
2025-05-20,503.1,510.0,503.1,507.42,-0.14,97255.0,49253167.3,1
2025-05-21,512.0,516.0,505.7,506.46,-0.19,155455.0,78918041.3,-1
2025-05-22,508.9,513.2,502.1,510.82,0.86,207958.0,105670907.5,1
2025-05-25,500.7,545.0,500.7,529.85,3.73,545842.0,288318838.4,1
2025-05-26,530.0,530.0,515.0,515.77,-2.66,233367.0,121483928.5,-1
2025-05-27,515.0,525.0,510.5,513.95,-0.35,134898.0,69756602.5,-1
2025-05-28,515.0,517.8,509.0,510.47,-0.68,273578.0,139865801.4,-1
2025-06-02,520.6,520.6,510.0,511.24,0.15,127301.0,65120886.3,-1
2025-06-03,513.0,518.0,512.1,512.55,0.26,119136.0,61108299.7,-1
2025-06-04,510.2,519.0,510.2,513.54,0.19,135643.0,69694791.0,1
2025-06-05,505.1,522.0,505.1,514.47,0.18,211743.0,108264176.4,1
2025-06-08,507.9,520.0,507.9,516.21,0.34,194994.0,100541903.1,1
2025-06-09,508.9,519.8,508.9,517.13,0.18,120991.0,62465581.7,1
2025-06-10,510.1,521.0,510.1,518.9,0.34,178320.0,92148447.8,1
2025-06-11,523.0,528.0,516.0,521.24,0.45,183308.0,95572973.1,-1
2025-06-12,522.2,528.0,520.0,522.51,0.24,258169.0,134837232.1,1
2025-06-15,525.0,528.0,521.2,523.43,0.18,137458.0,71888393.5,-1
2025-06-16,515.0,533.0,515.0,528.09,0.89,382625.0,200335139.0,1
2025-06-17,520.1,540.0,520.1,537.88,1.85,252902.0,134916138.1,1
2025-06-18,528.0,570.0,528.0,548.63,2.0,509098.0,282880885.7,1
2025-06-19,537.7,555.0,533.0,538.46,-1.85,233231.0,125852465.2,1
2025-06-22,530.1,548.9,530.1,541.22,0.51,383579.0,207027836.2,1
2025-06-23,532.1,547.0,532.1,542.1,0.16,196340.0,105955840.3,1
2025-06-24,537.1,550.0,537.1,543.91,0.33,156043.0,84680095.7,1
2025-06-25,538.0,549.0,538.0,545.91,0.37,131169.0,71515163.1,1
2025-06-26,540.1,553.8,540.1,547.57,0.3,161546.0,88246207.3,1
2025-06-29,544.1,554.8,544.1,549.38,0.33,169907.0,93096767.9,1
2025-06-30,543.0,556.0,543.0,554.28,0.89,127831.0,70642832.9,1
2025-07-01,545.1,567.0,545.1,562.27,1.44,99431.0,55870661.4,1
2025-07-02,551.1,574.0,551.1,570.72,1.5,127824.0,72885058.7,1
2025-07-03,559.4,580.0,559.4,564.4,-1.11,123972.0,70186504.9,1
2025-07-06,555.0,570.0,555.0,564.63,0.04,227290.0,128144403.9,1
2025-07-07,559.0,568.0,559.0,565.67,0.18,140928.0,79673131.5,1
2025-07-08,560.0,567.8,560.0,566.42,0.13,103114.0,58322121.0,1
2025-07-09,560.1,571.9,560.1,567.58,0.2,145592.0,82152977.7,1
2025-07-10,560.1,569.9,560.1,566.93,-0.11,171104.0,96814870.8,1
2025-07-13,560.0,570.1,540.1,549.98,-2.99,151629.0,84668195.0,-1
2025-07-14,560.9,560.9,538.9,551.25,0.23,206397.0,113066040.5,-1
2025-07-15,542.1,562.0,542.1,550.96,-0.05,186469.0,103497139.9,1
2025-07-16,540.1,567.0,540.1,563.37,2.25,178317.0,99697475.6,1
2025-07-17,565.0,619.0,565.0,583.55,3.58,563576.0,329634436.9,1
2025-07-20,571.9,605.0,567.0,569.34,-2.44,332101.0,191577673.9,-1
2025-07-21,560.0,573.0,555.7,561.21,-1.43,170079.0,95490856.2,1
2025-07-22,560.0,574.0,556.3,568.24,1.25,121975.0,69420155.3,1
2025-07-23,564.0,570.9,560.0,561.83,-1.13,134347.0,75706385.3,-1
2025-07-24,560.0,568.0,552.0,554.57,-1.29,173107.0,96781301.4,-1
2025-07-27,559.0,560.8,545.0,546.47,-1.46,187751.0,103341591.1,-1
2025-07-28,546.4,553.0,545.0,547.61,0.21,107972.0,59117270.9,1
2025-07-29,540.0,560.0,540.0,548.95,0.24,74195.0,41069781.1,1
2025-07-30,546.0,552.0,546.0,549.29,0.06,139702.0,76676052.7,1
2025-07-31,555.9,555.9,546.0,549.3,0.0,105399.0,57878251.4,-1
2025-08-03,548.0,554.5,545.0,545.84,-0.63,121072.0,66564935.6,-1
2025-08-04,556.7,556.7,544.0,548.77,0.54,127200.0,69998871.2,-1
2025-08-05,542.0,562.0,542.0,558.03,1.69,221293.0,122502888.0,1
2025-08-06,554.0,576.0,554.0,571.95,2.49,321866.0,182856203.4,1
2025-08-07,564.1,591.3,564.1,586.61,2.56,359089.0,209245534.4,1
2025-08-11,584.0,596.8,580.0,588.51,0.32,304272.0,178806925.5,1
2025-08-12,582.0,600.0,582.0,592.8,0.73,246483.0,145497381.7,1
2025-08-13,587.0,606.0,587.0,603.79,1.85,457123.0,274742441.8,1
2025-08-14,598.0,625.0,598.0,605.78,0.33,245434.0,148686591.9,1
2025-08-17,600.0,609.0,600.0,603.4,-0.39,211811.0,127551427.6,1
2025-08-18,591.4,615.0,588.0,606.8,0.56,258797.0,155720555.4,1
2025-08-19,594.7,608.8,578.0,581.41,-4.18,534227.0,317237872.7,-1
2025-08-20,580.0,582.0,570.0,570.79,-1.83,219123.0,125543128.2,-1
2025-08-21,581.9,581.9,569.9,574.48,0.65,95382.0,54555114.6,-1
2025-08-24,570.0,579.4,570.0,573.4,-0.19,101202.0,58117310.9,1
2025-08-25,570.2,575.8,570.2,573.65,0.04,88337.0,50568055.8,1
2025-08-26,575.7,577.0,572.1,575.42,0.31,51948.0,29840401.1,-1
2025-08-27,572.0,584.6,572.0,581.06,0.98,76940.0,44605412.0,1
2025-08-28,582.0,582.0,569.8,577.81,-0.56,339552.0,194948992.2,-1
2025-08-31,578.0,579.7,573.0,576.68,-0.2,96563.0,55613642.0,-1
2025-09-01,573.5,583.0,573.0,579.29,0.45,138103.0,79702638.2,1
2025-09-02,575.2,581.6,571.6,576.02,-0.56,169194.0,97416443.5,1
2025-09-03,570.0,578.0,570.0,576.47,0.08,189753.0,108912339.9,1
2025-09-04,570.0,579.5,570.0,577.68,0.21,115715.0,66480994.4,1
2025-09-07,570.0,580.0,570.0,575.95,-0.3,110223.0,63262911.6,1
2025-09-08,570.0,577.0,570.0,575.49,-0.08,288366.0,165444816.4,1
2025-09-18,565.0,565.0,531.3,542.0,-5.82,33750.0,18245190.3,-1
2025-09-21,531.2,563.0,531.2,557.9,2.93,143556.0,79449682.2,1
2025-09-23,556.1,566.0,553.7,555.9,-0.36,69310.0,38767382.3,-1
2025-09-24,551.1,554.9,545.0,549.9,-1.08,85537.0,46939947.7,-1
2025-09-25,549.9,550.0,542.0,550.0,0.02,55369.0,30241880.3,1
2025-09-28,550.0,554.9,544.0,554.6,0.84,56918.0,31227923.1,1
2025-10-07,545.0,553.0,528.3,539.9,-2.65,80206.0,43197978.1,-1
2025-10-08,548.8,548.8,512.2,522.0,-3.32,268378.0,139280129.6,-1
2025-10-09,530.0,542.6,514.1,524.0,0.38,80280.0,42051175.1,-1
2025-10-12,525.1,525.1,495.0,510.9,-2.5,156412.0,78901867.8,-1
2025-10-13,511.0,517.0,501.0,514.0,0.61,173887.0,88804861.8,1
2025-10-14,517.0,518.0,504.2,512.0,-0.39,47010.0,23861508.4,-1
2025-10-15,504.1,509.9,500.0,509.0,-0.59,54812.0,27637272.7,1
2025-10-16,500.1,510.0,500.1,510.0,0.2,152517.0,77207750.9,1
2025-10-19,502.1,540.0,502.1,514.0,0.78,159671.0,81900700.3,1
2025-10-26,515.5,519.9,512.0,513.0,-0.19,67152.0,34471501.3,-1
2025-10-28,519.6,532.0,515.0,528.8,3.08,35173.0,18438842.8,1
2025-10-29,518.5,535.9,518.5,533.0,0.79,228526.0,120385111.8,1
2025-10-30,528.0,538.7,525.4,535.0,0.38,92034.0,48888332.5,1
2025-11-02,530.2,545.0,530.2,542.0,1.31,73603.0,39720615.5,1
2025-11-03,542.0,550.0,532.3,535.0,-1.29,197096.0,105979229.3,-1
2025-11-04,527.3,539.0,527.3,532.0,-0.56,61433.0,32737731.5,1
2025-11-05,527.1,531.0,522.3,528.0,-0.75,30235.0,15909089.0,1
2025-11-06,530.0,540.0,526.1,528.0,0.0,156792.0,83260395.6,-1
2025-11-09,525.0,530.0,522.2,529.0,0.19,37539.0,19764396.4,1
2025-11-10,525.6,533.8,525.1,528.5,-0.09,39887.0,21034481.6,1
2025-11-11,525.2,530.0,523.1,525.9,-0.49,46754.0,24654728.5,1
2025-11-12,521.0,530.0,518.0,526.0,0.02,32046.0,16890579.2,1
2025-11-13,515.5,534.0,515.5,530.0,0.76,25346.0,13421734.9,1
2025-11-16,530.0,531.5,523.0,527.0,-0.57,29157.0,15346146.0,-1
2025-11-17,523.3,530.0,523.3,524.5,-0.47,20158.0,10612631.8,1
2025-11-18,525.0,534.9,525.0,533.0,1.62,30390.0,16145535.0,1
2025-11-19,533.0,536.9,530.0,534.3,0.24,25310.0,13469354.5,1
2025-11-20,532.1,535.0,530.0,535.0,0.13,34208.0,18238735.4,1
2025-11-23,525.0,545.7,525.0,540.0,0.93,118305.0,62887320.8,1
2025-11-24,529.5,548.9,529.5,540.0,0.0,90610.0,48584012.0,1
2025-11-25,547.0,547.0,540.0,541.2,0.22,27949.0,15140647.1,-1
2025-11-26,541.2,545.0,538.0,542.3,0.2,69782.0,37701703.0,1
2025-11-27,540.0,566.9,535.1,564.7,4.13,263596.0,145075464.6,1
2025-11-30,555.0,580.0,555.0,566.0,0.23,177665.0,99864878.5,1
2025-12-01,557.1,610.0,557.1,590.9,4.4,470614.0,271003180.1,1
2025-12-02,580.0,602.0,579.0,587.0,-0.66,182787.0,106993652.6,1
2025-12-03,576.5,605.0,576.5,589.9,0.49,158142.0,92241842.3,1
2025-12-07,578.2,597.7,568.0,572.0,-3.03,234141.0,134943228.1,-1
2025-12-08,560.6,571.8,560.6,570.0,-0.35,86506.0,48934952.3,1
2025-12-09,575.0,575.0,565.0,572.0,0.35,34627.0,19687096.0,-1
2025-12-10,560.6,596.0,560.6,569.9,-0.37,40219.0,22812630.0,1
2025-12-11,560.0,590.0,560.0,570.2,0.05,133569.0,75983642.0,1
2025-12-14,560.0,574.0,560.0,570.1,-0.02,48719.0,27665183.5,1
2025-12-15,560.0,582.0,560.0,567.0,-0.54,70809.0,40181207.8,1
2025-12-16,560.2,570.0,560.0,569.9,0.51,49854.0,28060811.5,1
2025-12-17,569.0,571.0,562.0,569.9,0.0,59575.0,33834668.7,1
2025-12-18,558.6,626.0,558.6,570.0,0.02,42676.0,24323278.5,1
2025-12-21,560.0,569.9,560.0,567.0,-0.53,40379.0,22712679.3,1
2025-12-22,575.0,575.0,559.0,559.0,-1.41,32068.0,17990264.4,-1
2025-12-23,559.0,565.0,559.0,564.0,0.89,27739.0,15570354.9,1
2025-12-24,560.2,570.0,560.1,569.9,1.05,47632.0,26925464.0,1
2025-12-28,560.1,572.0,560.1,570.0,0.02,54592.0,31000668.4,1
2025-12-29,570.0,572.7,561.1,561.1,-1.56,64087.0,36375835.8,-1
2025-12-31,569.0,569.0,561.3,563.9,0.5,30400.0,17147747.0,-1
2026-01-01,568.2,568.2,560.1,564.0,0.02,56094.0,31541620.3,-1
2026-01-04,560.0,566.8,558.3,563.0,-0.18,32612.0,18283065.0,1
2026-01-05,560.0,569.59,560.0,565.0,0.36,96953.0,54485240.6,1
2026-01-06,555.1,569.59,555.1,564.8,-0.04,59301.0,33400271.1,1
2026-01-07,564.9,566.4,562.0,565.0,0.04,49238.0,27703052.7,1
2026-01-08,555.0,565.0,555.0,564.1,-0.16,54028.0,30225070.2,1
2026-01-12,553.6,567.0,553.6,565.7,0.28,76580.0,43089210.1,1
2026-01-13,563.0,569.0,563.0,567.9,0.39,60460.0,34154512.8,1
2026-01-14,560.1,600.0,560.1,583.9,2.82,286222.0,164837888.3,1
2026-01-18,585.0,615.0,580.1,597.0,2.24,191434.0,112890400.2,1
2026-01-20,585.1,610.0,585.1,607.4,1.74,414604.0,247081134.2,1
2026-01-21,600.1,620.0,600.1,619.0,1.91,476052.0,289735397.2,1
2026-01-22,612.1,632.0,612.1,631.0,1.94,283306.0,175795683.5,1
2026-01-25,622.2,648.0,622.2,648.0,2.69,477867.0,301479808.4,1
2026-01-26,660.9,679.0,648.0,666.8,2.9,398255.0,262192647.6,1
2026-01-27,660.0,674.0,654.0,669.9,0.46,221944.0,146636639.0,1
2026-01-28,656.6,705.0,650.1,655.2,-2.19,742385.0,487856508.0,-1
2026-01-29,658.5,706.0,657.3,687.0,4.85,696210.0,466402282.0,1
2026-02-01,673.3,698.0,640.0,657.0,-4.37,167879.0,110900295.5,-1
2026-02-02,654.0,658.0,632.0,643.0,-2.13,230730.0,149124454.1,-1
2026-02-03,643.0,643.0,620.2,628.0,-2.33,158879.0,100124435.1,-1
2026-02-04,628.0,645.0,625.4,633.0,0.8,139704.0,88538547.9,1
2026-02-05,633.0,646.0,633.0,641.0,1.26,111531.0,71385373.2,1
2026-02-08,642.0,644.5,632.0,636.0,-0.78,125517.0,80134254.4,-1
2026-02-09,625.2,648.0,618.0,619.0,-2.67,102735.0,64528624.3,-1
2026-02-10,615.0,628.0,612.0,614.1,-0.79,125272.0,77501792.7,-1
2026-02-11,605.0,626.0,605.0,615.6,0.24,63495.0,39259445.9,1
2026-02-12,610.0,622.0,610.0,614.0,-0.26,77866.0,48122140.7,1
2026-02-16,622.0,622.9,610.0,612.0,-0.33,60769.0,37213103.0,-1
2026-02-17,620.0,621.8,606.0,613.0,0.16,83875.0,51228012.3,-1
2026-02-22,613.0,620.9,605.0,614.0,0.16,101038.0,61734175.8,1
2026-02-23,620.0,620.0,610.6,616.0,0.33,34516.0,21214390.8,-1
2026-02-24,616.0,625.0,614.1,621.9,0.96,51660.0,31952887.1,1
2026-02-25,628.3,634.0,624.0,630.9,1.45,50937.0,32050915.9,1
2026-02-26,639.0,639.0,621.0,624.0,-1.09,55611.0,34912406.7,-1
2026-03-01,619.0,627.5,618.7,622.0,-0.32,42324.0,26289878.4,1
2026-03-03,630.0,633.9,622.2,630.5,1.37,49745.0,31297831.6,1
2026-03-09,643.1,680.0,643.1,669.0,6.11,980.0,656200.0,1
2026-03-10,669.0,669.0,632.0,642.0,-4.04,122827.0,79158634.9,-1
2026-03-11,638.0,645.0,631.0,631.6,-1.62,70843.0,45113245.3,-1
2026-03-12,628.5,644.0,625.0,626.9,-0.74,65132.0,41094858.5,-1
2026-03-15,628.0,632.9,624.0,627.0,0.02,59685.0,37412796.3,-1
2026-03-16,623.6,633.0,623.1,625.0,-0.32,50194.0,31510905.7,1
2026-03-17,621.0,631.0,620.0,630.0,0.8,81165.0,50519969.0,1
2026-03-19,620.0,639.5,620.0,630.0,0.0,189026.0,118846722.1,1
2026-03-22,635.0,647.7,630.0,639.7,1.54,101681.0,64966246.1,1
2026-03-23,641.0,644.0,631.0,636.0,-0.58,53349.0,33992285.6,-1
2026-03-24,643.0,647.0,631.0,638.0,0.31,68549.0,43751455.9,-1
2026-03-25,642.8,642.8,630.0,631.0,-1.1,74561.0,47132152.3,-1
2026-03-26,631.0,643.0,626.0,637.0,0.95,60100.0,38325212.0,1
2026-03-29,640.0,640.0,623.0,627.0,-1.57,81138.0,51028190.1,-1
2026-03-30,625.0,628.0,610.0,612.1,-2.38,98076.0,60753500.0,-1
2026-03-31,623.0,623.0,610.1,618.0,0.96,51598.0,31689420.6,-1
2026-04-01,620.0,620.0,590.1,600.9,-2.77,88108.0,53318184.2,-1
2026-04-02,605.0,610.0,592.0,604.0,0.52,62004.0,37368367.4,-1
2026-04-05,601.0,601.0,581.5,584.0,-3.31,135837.0,79702313.1,-1
2026-04-06,572.4,616.0,572.4,608.0,4.11,108669.0,65331549.0,1
2026-04-07,618.9,618.9,601.0,605.9,-0.35,43793.0,26520365.0,-1
2026-04-08,602.0,622.0,602.0,616.0,1.67,38455.0,23592688.6,1
2026-04-09,623.6,623.6,610.0,622.0,0.97,52934.0,32742362.1,-1
2026-04-10,625.0,640.0,618.0,637.5,2.49,123190.0,77369713.7,1
2026-04-13,630.0,649.0,630.0,639.0,0.24,75651.0,47880832.9,1
2026-04-15,627.0,644.0,627.0,642.8,0.59,75133.0,47849992.1,1
2026-04-16,642.8,655.6,637.1,646.0,0.5,217148.0,139884655.0,1
2026-04-17,615.8,615.8,592.9,603.8,0.01,79970.0,48288806.6,-1
2026-04-20,574.0,624.0,574.0,605.0,0.2,56253.0,33384825.2,1
2026-04-21,605.0,607.0,589.0,595.0,-1.65,21917.0,13004047.4,-1
2026-04-22,565.3,599.0,565.3,594.9,-0.02,45614.0,26673313.0,1
2026-04-23,618.7,618.7,579.0,586.0,-1.5,71487.0,41647321.7,-1
2026-04-24,571.0,589.9,571.0,589.9,0.67,26802.0,15661662.2,1
2026-04-27,589.9,594.0,576.2,585.0,-0.83,50281.0,29303981.4,-1
2026-04-28,585.0,590.0,571.0,580.0,-0.85,60564.0,35036056.3,-1
2026-04-29,580.0,575.0,566.7,574.8,-0.9,20286.0,11582374.3,-1
2026-04-30,569.0,575.0,566.1,570.9,-0.68,30905.0,17595911.5,1
2026-05-04,570.0,576.3,555.0,560.0,-1.91,18089.0,10139619.4,-1
2026-05-05,560.0,565.0,551.0,560.0,0.0,28127.0,15662526.8,0
2026-05-06,567.0,571.7,557.0,563.9,0.7,36288.0,20451265.7,-1
2026-05-07,570.0,570.0,556.0,564.9,0.18,15404.0,8621497.0,-1
2026-05-08,560.0,566.0,559.0,565.9,0.18,15783.0,8864395.3,1
2026-05-11,568.0,575.0,564.0,573.7,1.38,35153.0,20007916.4,1
2026-05-13,555.59,560.0,555.0,558.0,-1.17,7231.0,4023831.8,1
2026-05-14,547.0,560.0,547.0,555.8,-0.39,5920.0,3288895.0,1
2026-05-15,552.1,561.0,552.1,559.7,0.7,12607.0,7029713.0,1
2026-05-18,570.0,570.0,555.1,558.0,-0.3,10281.0,5735743.0,-1
2026-05-19,567.0,567.0,550.0,560.0,0.36,17736.0,9839189.5,-1
2026-05-20,569.0,569.0,555.0,564.0,0.71,7829.0,4405017.7,-1
2026-05-21,580.0,592.2,564.1,566.0,0.35,47060.0,27136686.8,-1
2026-05-22,568.8,568.8,551.0,564.0,-0.35,12865.0,7191376.95,-1
2026-05-25,550.0,575.8,550.0,575.8,2.09,22352.0,12768020.6,1
2026-05-26,575.0,610.0,565.1,583.0,1.25,73502.0,43349584.96,1
2026-05-27,592.0,592.0,580.3,587.0,0.69,37948.0,22110879.7,-1
2026-06-01,593.0,593.0,570.0,577.0,-1.7,15649.0,9027176.7,-1
2026-06-02,571.2,579.8,562.5,579.8,0.49,58787.0,33409368.1,1
2026-06-03,570.1,580.0,570.0,580.0,0.03,20673.0,11857029.4,1
2026-06-04,575.1,583.0,575.1,582.0,0.34,16832.0,9768536.6,1
2026-06-05,575.1,584.0,575.1,584.0,0.34,28643.0,16590835.0,1
2026-06-08,575.0,580.0,575.0,580.0,-0.68,12801.0,7403777.8,1
2026-06-09,576.1,579.7,569.0,579.7,-0.05,19859.0,11373426.6,1
2026-06-10,577.1,596.0,570.2,594.9,2.62,102353.0,60255030.2,1
2026-06-11,599.9,605.0,590.0,595.0,0.02,37925.0,22482898.7,-1
2026-06-12,581.0,626.0,581.0,593.0,-0.34,52803.0,31142344.8,1
2026-06-15,595.0,598.9,586.9,591.7,-0.22,55361.0,32734706.5,-1
2026-06-16,591.7,593.0,582.3,591.0,-0.12,27475.0,16129266.3,-1
2026-06-17,565.0,593.8,565.0,585.6,-0.91,52599.0,30889447.3,1
2026-06-18,586.0,614.7,586.0,608.0,3.83,382108.0,230581532.8,1
2026-06-19,602.0,620.0,602.0,618.5,1.73,233033.0,142952703.4,1
2026-06-22,618.0,630.0,611.0,621.0,0.4,103071.0,63795685.8,1
2026-06-23,651.0,651.0,595.0,602.0,-3.06,124598.0,75054438.2,-1
2026-06-24,581.0,603.4,581.0,591.0,-1.83,199398.0,118206811.3,1
2026-06-25,585.2,598.9,585.0,589.9,-0.19,74018.0,43538001.6,1
2026-06-26,590.0,594.0,580.0,588.6,-0.22,39800.0,23342450.7,-1
2026-06-29,582.0,592.0,575.0,584.8,-0.65,30925.0,17959369.5,1
2026-06-30,614.0,614.0,567.0,575.0,-1.68,25628.0,14703570.0,-1
2026-07-01,576.0,584.9,570.0,580.0,0.87,46983.0,26996424.5,1
2026-07-02,583.0,583.0,570.0,577.2,-0.48,14624.0,8356696.3,-1
2026-07-03,577.0,588.0,569.2,585.0,1.35,54077.0,31032329.4,1
2026-07-06,575.0,585.9,575.0,582.7,-0.39,60550.0,34914646.7,1
2026-07-07,582.0,582.0,575.0,575.0,-1.32,13721.0,7919993.0,-1
2026-07-08,572.1,580.0,563.0,580.0,0.87,40260.0,22922420.1,1
2026-07-09,551.0,597.4,551.0,575.0,-0.86,19766.0,11289034.5,1
2026-07-10,551.0,587.0,551.0,576.0,0.17,21273.0,12157552.6,1
2026-07-13,580.0,610.0,560.0,573.9,-0.36,74747.0,43910021.1,-1
2026-07-14,551.0,575.0,551.0,575.0,0.19,34964.0,19816948.7,1
2026-07-15,555.0,578.0,555.0,573.0,-0.35,29612.0,16819166.8,1
2026-07-16,571.7,620.0,560.1,572.0,-0.17,123162.0,70425115.3,1
2026-07-17,555.0,616.0,555.0,591.0,3.32,125723.0,74773917.3,1
2026-07-20,585.0,600.0,575.4,600.0,1.52,47646.0,27980432.6,1
2026-07-21,570.0,600.0,570.0,599.9,-0.02,35927.0,21288533.1,1
2026-07-22,580.0,609.7,573.0,596.4,-0.6,101286.0,58904616.4,1
2026-07-23,570.0,599.9,570.0,590.5,-0.99,23783.0,13882092.2,1
2026-07-24,570.0,604.0,570.0,594.8,0.73,86235.0,50608631.2,1
2026-07-27,587.5,595.0,577.0,590.0,-0.81,37375.0,21875008.0,1
2026-07-28,570.0,594.4,570.0,585.0,-0.85,27504.0,15919751.0,1
2026-07-29,570.0,585.0,570.0,580.9,-0.7,59984.0,34893328.0,1
2026-07-30,570.0,587.0,570.0,586.7,1.0,30899.0,17845895.3,1
2026-07-31,573.0,584.2,570.0,581.0,-0.97,95992.0,55571232.2,1
2026-08-03,570.0,585.0,570.0,577.6,-0.59,39762.0,22725562.6,1
2026-08-04,570.0,584.0,568.0,577.7,0.02,34116.0,19570902.8,1
2026-08-05,560.0,577.0,560.0,576.0,-0.29,33291.0,18947161.5,1
2026-08-06,560.0,590.0,560.0,582.1,1.06,149441.0,85222504.5,1
2026-08-07,570.0,585.0,570.0,583.0,0.15,28870.0,16773939.7,1
2026-08-10,570.0,582.0,570.0,579.5,-0.6,13309.0,7654953.3,1
2026-08-11,570.0,579.5,570.0,578.8,-0.12,51862.0,29791807.6,1
2026-08-12,560.0,587.0,560.0,575.2,-0.62,46874.0,26922235.2,1
2026-08-13,562.0,591.0,562.0,581.0,1.01,202657.0,115951129.5,1
2026-08-14,575.0,595.0,575.0,585.0,0.69,120565.0,70573196.9,1
2026-08-17,580.0,594.4,580.0,588.8,0.65,85030.0,49860712.0,1
2026-08-18,580.1,646.0,580.0,602.5,2.33,280487.0,164730180.6,1
2026-08-19,590.0,605.0,589.0,598.8,-0.61,102112.0,60583291.4,1
2026-08-20,585.0,615.0,580.0,582.0,-2.81,98661.0,57790096.4,-1
2026-08-21,560.0,592.0,560.0,579.9,-0.36,65205.0,37841880.3,1
2026-08-24,571.2,580.0,568.1,572.9,-1.21,21949.0,12554080.5,1
2026-08-25,550.0,580.0,550.0,567.8,-0.89,54235.0,30776478.8,1
2026-08-26,560.0,570.0,550.0,563.0,-0.85,70162.0,39181982.1,1
2026-08-27,563.0,564.8,551.5,560.0,-0.53,19324.0,10741951.0,-1
2026-08-31,550.1,558.0,548.0,558.0,-0.34,93138.0,51372671.2,1
2026-09-01,551.0,561.5,550.0,560.0,0.36,26124.0,14454844.4,1
2026-09-02,555.0,558.5,550.0,558.5,-0.27,18488.0,10218882.3,1
2026-09-03,555.0,588.0,551.0,562.4,0.7,133544.0,74596840.0,1
2026-09-07,550.0,585.0,550.0,553.9,-1.51,25242.0,14005378.3,1
2026-09-09,550.0,559.0,550.0,553.0,-0.16,36512.0,20121580.0,1
2026-09-10,550.0,560.0,545.0,552.6,-0.07,19576.0,10734062.1,1
2026-09-11,545.0,546.0,542.0,544.9,-1.39,23250.0,12636876.0,-1
2026-09-14,545.0,552.9,540.0,550.0,0.94,36307.0,19894868.4,1
2026-09-15,539.0,589.9,539.0,557.3,1.33,98144.0,54446147.3,1
2026-09-16,555.0,555.0,547.5,552.0,-0.95,42243.0,23214335.1,-1
2026-09-17,550.0,557.8,550.0,550.0,-0.36,42333.0,23320176.6,0
2026-09-18,550.1,565.0,550.0,565.0,2.73,57902.0,32070416.9,1
2026-09-22,566.9,570.0,559.0,564.5,-0.09,50946.0,28636987.5,-1
2026-09-23,555.3,564.7,549.5,564.7,0.04,61111.0,33855307.9,1
2026-09-24,557.0,560.0,550.0,559.0,-1.01,22690.0,12576560.5,1
2026-09-28,559.0,559.0,550.1,558.0,-0.18,12987.0,7199351.5,-1
2026-09-29,552.0,555.0,550.0,550.1,-1.42,28451.0,15672110.1,-1
2026-09-30,550.1,554.0,548.0,550.5,0.07,22064.0,12134649.4,1
2026-10-01,552.5,552.6,548.4,551.8,0.24,26528.0,14594770.1,-1
2026-10-02,560.0,560.0,542.2,550.0,-0.33,16783.0,9174588.4,-1
2026-10-06,549.5,549.5,541.0,542.3,-1.02,6197.0,3378161.0,-1
2026-10-07,542.0,547.0,541.0,546.9,0.85,9361.0,5085057.0,1
2026-10-08,543.2,553.9,540.0,553.9,1.28,81458.0,44211326.3,1
2026-10-09,558.0,559.0,550.6,550.6,-0.6,15492.0,8579864.2,-1
